,AAPL_STOCK,GOOGL_STOCK,TSLA_STOCK,SPY_STOCK,QQQ_STOCK,GLD_COMMODITY,SLV_COMMODITY,USO_COMMODITY,DBA_COMMODITY
AAPL_STOCK,1.0,0.4598847536239735,0.4503474193013937,0.7028000837994652,0.6935552521634668,0.04186162482170307,0.1859973662947492,0.15671447498844204,0.17171794703530985
GOOGL_STOCK,0.4598847536239735,1.0,0.3968793439317722,0.6099254016694216,0.6558773244426203,0.06730664287767976,0.21035557666816757,0.12977641111962274,0.15224687868986497
TSLA_STOCK,0.4503474193013937,0.3968793439317722,1.0,0.5862692072607111,0.6171589617838866,0.00684208999067333,0.11114521085808574,0.08222289848963021,0.07429777387190793
SPY_STOCK,0.7028000837994652,0.6099254016694216,0.5862692072607111,1.0,0.9588425327119316,0.09926356379498975,0.2741491321802778,0.18171293001853986,0.1920722136958382
QQQ_STOCK,0.6935552521634668,0.6558773244426203,0.6171589617838866,0.9588425327119316,1.0,0.08255990690121894,0.26060128354592027,0.16494948223366804,0.1934181793098655
GLD_COMMODITY,0.04186162482170307,0.06730664287767976,0.00684208999067333,0.09926356379498975,0.08255990690121894,1.0,0.712406077314566,0.22510761105213054,0.11731049660727359
SLV_COMMODITY,0.1859973662947492,0.21035557666816757,0.11114521085808574,0.2741491321802778,0.26060128354592027,0.712406077314566,1.0,0.2525022403392999,0.12900000103512432
USO_COMMODITY,0.15671447498844204,0.12977641111962274,0.08222289848963021,0.18171293001853986,0.16494948223366804,0.22510761105213054,0.2525022403392999,1.0,0.12851302120144872
DBA_COMMODITY,0.17171794703530985,0.15224687868986497,0.07429777387190793,0.1920722136958382,0.1934181793098655,0.11731049660727359,0.12900000103512432,0.12851302120144872,1.0
