,Mean_Daily_Return,Std_Daily_Return,Annualized_Return,Annualized_Volatility,Sharpe_Ratio,Skewness,Kurtosis,Min_Daily_Return,Max_Daily_Return,Average_Class_Volatility,Beta,Correlation_with_Market,R_Squared,Data_Points
AAPL_STOCK,0.0006,0.0175,0.163,0.2783,0.5858,0.946,13.9776,-0.0925,0.1533,,1.1873118638397506,0.7032590747700754,0.49457332624646255,501.0
GOOGL_STOCK,0.0011,0.0186,0.2662,0.2947,0.9033,-0.1892,5.3837,-0.0951,0.1022,,1.0889231545637352,0.6091164725865379,0.3710228771762666,501.0
TSLA_STOCK,0.0014,0.04,0.3576,0.6349,0.5633,0.6888,4.6992,-0.1543,0.2269,,2.2514859507069165,0.5845801762685138,0.34173398248612663,501.0
SPY_STOCK,0.0008,0.0104,0.2138,0.1648,1.2972,1.1355,23.2745,-0.0585,0.105,,,,,
QQQ_STOCK,0.001,0.0132,0.2487,0.2099,1.1851,0.8107,14.321,-0.0621,0.12,,1.2207632666978032,0.9588807074233893,0.9194522110687795,501.0
GLD_COMMODITY,0.0012,0.01,0.2928,0.1591,1.8402,-0.0429,1.0074,-0.0357,0.037,,0.0950753032762476,0.09848911447036343,0.00970010566915635,501.0
SLV_COMMODITY,0.0011,0.0176,0.2796,0.2798,0.9992,0.0135,1.3609,-0.0652,0.0639,,0.4660510761788185,0.2745735850022161,0.0753906535809692,501.0
USO_COMMODITY,0.0002,0.0187,0.057,0.2974,0.1916,-0.2054,1.4133,-0.0807,0.0689,,0.32376131467412933,0.17946348996132921,0.032207144229100114,501.0
DBA_COMMODITY,0.0007,0.0096,0.1822,0.1529,1.1917,-0.3786,1.8744,-0.0486,0.0303,,0.17730523277443738,0.1912022492789358,0.03655830012932431,501.0
