,AAPL,MSFT,GOOGL,AMZN,NVDA,META,TSLA,JPM,XOM,V,UNH,PG,KO,JNJ,WMT,DIS,BAC,CVX,PFE,CSCO,INTC,ORCL,PEP,MCD,NKE,HD,TMO,ABT,LMT,CAT,GS,MS,C,IBM,MMM,WFC,TXN,QCOM,COST,VZ,MRK,SPY,QQQ,IWM,XLE,XLF,XLK,XLV,XLP,XLY,XLI,XLB,XLU,VTV,VUG,VYM,VIG,IWD,IWF,USMV,SPLV,DVY,SMH,XBI,XRT,IYR,EFA,EEM,EWJ,EWZ,FXI,EWH,EWA,EWC,EWU,EWG,EWY,EWQ,EWI,EWT,VEA,VWO,TLT,IEF,SHY,TIP,LQD,BIV,BND,HYG,JNK,EMB,MUB,FLOT,UUP,FXE,FXY,FXA,FXB,GLD,SLV,PPLT,PALL,CPER,DBB,USO,UNG,UGA,DBA,CORN,WEAT,SOYB,DBC
AAPL,1.0,0.558401,0.514848,0.468797,0.471433,0.413188,0.372505,0.380768,0.268014,0.483626,0.279243,0.316208,0.302477,0.280139,0.288731,0.38625,0.378188,0.298851,0.269824,0.445392,0.362517,0.324047,0.350279,0.353442,0.391473,0.4409,0.397922,0.370087,0.251778,0.35147,0.429042,0.426485,0.390929,0.329311,0.363767,0.343589,0.499644,0.46994,0.409915,0.198888,0.250516,0.684797,0.740395,0.537109,0.321953,0.484072,0.741875,0.482088,0.438585,0.610777,0.51932,0.499207,0.290534,0.54536,0.721501,0.548033,0.610201,0.55589,0.71798,0.566669,0.483371,0.470076,0.564386,0.423905,0.457637,0.430171,0.530206,0.484854,0.447243,0.333158,0.371952,0.376808,0.499674,0.492557,0.460484,0.491026,0.393657,0.473565,0.425245,0.47005,0.529775,0.492846,-0.118846,-0.101402,-0.043361,0.005242,0.174535,0.013077,0.0678,0.495634,0.495909,0.351966,0.118254,0.222312,-0.046608,0.057265,-0.131326,0.264102,0.152639,0.044209,0.143064,0.169926,0.159591,0.14165,0.186953,0.154597,0.02474,0.173332,0.127802,0.02538,0.020346,0.072544,0.184343
MSFT,0.558401,1.0,0.602287,0.578743,0.55195,0.455212,0.357835,0.410455,0.247226,0.535582,0.319787,0.3229,0.311123,0.282169,0.277788,0.405689,0.391973,0.310601,0.281006,0.476424,0.403892,0.479395,0.353042,0.369598,0.382143,0.451153,0.441761,0.413595,0.267288,0.335345,0.441902,0.452284,0.416215,0.372292,0.348788,0.362357,0.477875,0.438203,0.432998,0.209338,0.243803,0.727899,0.779185,0.53585,0.313798,0.518117,0.782972,0.513558,0.440919,0.648025,0.526096,0.501553,0.318289,0.57679,0.770586,0.574962,0.659174,0.579941,0.776693,0.627928,0.517717,0.463954,0.599465,0.41771,0.435512,0.443393,0.558921,0.513772,0.467986,0.36434,0.37969,0.373442,0.523668,0.505882,0.478218,0.530583,0.408905,0.506271,0.459389,0.490322,0.559844,0.522594,-0.12596,-0.101137,-0.03825,0.013232,0.174879,0.01303,0.07564,0.514484,0.51298,0.372152,0.134633,0.24127,-0.035985,0.056792,-0.134198,0.265254,0.152256,0.035799,0.140647,0.17912,0.179347,0.133673,0.189147,0.155784,0.045016,0.178748,0.137789,0.061703,0.008098,0.079825,0.18593
GOOGL,0.514848,0.602287,1.0,0.607711,0.489032,0.51396,0.361985,0.384576,0.236717,0.489919,0.278577,0.26329,0.266818,0.257667,0.239628,0.392666,0.376798,0.272048,0.253481,0.410134,0.359831,0.359723,0.281267,0.317877,0.375398,0.411345,0.399879,0.354224,0.215655,0.353922,0.431088,0.432007,0.402763,0.310161,0.342736,0.352213,0.460901,0.430385,0.37283,0.175195,0.215014,0.683353,0.742472,0.539279,0.299203,0.477532,0.684175,0.478902,0.376857,0.644712,0.506303,0.469672,0.266041,0.522058,0.734268,0.519005,0.584079,0.544168,0.725449,0.540941,0.43672,0.431291,0.562056,0.426193,0.435019,0.400691,0.538501,0.50216,0.471536,0.338232,0.384512,0.379492,0.485014,0.475945,0.454662,0.504986,0.422392,0.48809,0.442256,0.478131,0.543481,0.502413,-0.099214,-0.076165,-0.014312,0.029309,0.176407,0.031509,0.078016,0.489416,0.487914,0.367108,0.115584,0.189667,-0.061746,0.066931,-0.108642,0.274909,0.15298,0.047176,0.142608,0.182521,0.163105,0.134354,0.174598,0.119921,0.023381,0.156797,0.121382,0.024556,-0.00475,0.066391,0.159468
AMZN,0.468797,0.578743,0.607711,1.0,0.474351,0.510346,0.373756,0.305822,0.16557,0.433779,0.211893,0.191403,0.17222,0.176003,0.226005,0.3694,0.314064,0.197653,0.19427,0.368925,0.337007,0.32395,0.212674,0.237105,0.357504,0.385656,0.360578,0.291963,0.159766,0.293275,0.367994,0.366928,0.325962,0.246133,0.285063,0.281291,0.416746,0.386621,0.377799,0.120281,0.157761,0.617238,0.713356,0.48514,0.231737,0.395366,0.627173,0.392653,0.305115,0.717021,0.426088,0.398341,0.19475,0.432058,0.697295,0.427978,0.504285,0.455992,0.688196,0.455485,0.35131,0.333459,0.523803,0.420302,0.430809,0.337906,0.466211,0.445601,0.421191,0.271244,0.345038,0.340152,0.422638,0.411904,0.363178,0.439909,0.355168,0.412262,0.37101,0.432273,0.470073,0.449084,-0.067296,-0.052359,-0.0103,0.046526,0.155119,0.040303,0.074573,0.428726,0.42792,0.329896,0.080012,0.131579,-0.055352,0.057407,-0.106303,0.248836,0.131292,0.028724,0.123113,0.144369,0.135219,0.132729,0.204085,0.114714,0.022129,0.122163,0.104566,0.008271,-0.008254,0.06149,0.151208
NVDA,0.471433,0.55195,0.489032,0.474351,1.0,0.41891,0.38286,0.336151,0.18632,0.404836,0.212407,0.147766,0.134474,0.116931,0.177884,0.337258,0.326184,0.235476,0.151248,0.407175,0.418361,0.40068,0.168202,0.220091,0.32002,0.367825,0.3646,0.284229,0.158783,0.353853,0.405904,0.416281,0.355888,0.260281,0.297652,0.284632,0.53813,0.500714,0.329667,0.059653,0.121498,0.635509,0.7216,0.524005,0.262001,0.406421,0.735574,0.369223,0.247134,0.581863,0.476832,0.436915,0.188633,0.453481,0.711321,0.449948,0.525136,0.470738,0.71165,0.449279,0.332143,0.340069,0.781496,0.420164,0.418731,0.320371,0.490726,0.48821,0.44118,0.283748,0.359591,0.341964,0.437942,0.437782,0.390551,0.462089,0.430405,0.423787,0.395078,0.51932,0.497918,0.477628,-0.087717,-0.091437,-0.058449,0.003055,0.157262,0.00565,0.052098,0.439497,0.437128,0.329583,0.096752,0.194466,-0.042992,0.049574,-0.12297,0.248387,0.13677,0.042256,0.130975,0.162299,0.144524,0.158381,0.191683,0.122567,0.037895,0.142255,0.106641,0.02609,-0.001792,0.054232,0.160466
META,0.413188,0.455212,0.51396,0.510346,0.41891,1.0,0.295563,0.287769,0.141776,0.385533,0.173302,0.162779,0.140087,0.146241,0.156268,0.322004,0.289013,0.182927,0.172549,0.291725,0.292607,0.27451,0.184913,0.231496,0.308129,0.3208,0.313958,0.236525,0.137916,0.229734,0.324794,0.327189,0.301922,0.211407,0.256655,0.257981,0.357011,0.325444,0.275151,0.102563,0.155846,0.529777,0.6051,0.42602,0.195542,0.358214,0.544126,0.34899,0.249634,0.522063,0.371095,0.355945,0.173683,0.375368,0.599117,0.370988,0.429209,0.401464,0.586668,0.400586,0.306741,0.303979,0.457106,0.372022,0.36068,0.308515,0.40036,0.375865,0.348146,0.238801,0.300536,0.284591,0.362968,0.364614,0.32535,0.376471,0.303329,0.356263,0.317528,0.354394,0.402744,0.376691,-0.073615,-0.063776,-0.023974,0.015807,0.144074,0.024525,0.05402,0.367765,0.371037,0.292547,0.079948,0.1583,-0.033895,0.042093,-0.097798,0.209045,0.113463,0.033517,0.103912,0.128991,0.107414,0.126176,0.135513,0.077146,0.019354,0.08529,0.114135,0.028515,0.007776,0.043206,0.105744
TSLA,0.372505,0.357835,0.361985,0.373756,0.38286,0.295563,1.0,0.261405,0.149442,0.296676,0.154161,0.096095,0.115826,0.083245,0.141516,0.282346,0.2646,0.191,0.112003,0.256037,0.277141,0.242222,0.127769,0.192266,0.257759,0.284852,0.245015,0.172098,0.094114,0.24204,0.31268,0.306161,0.291812,0.169542,0.200546,0.241629,0.347287,0.338175,0.238805,0.045059,0.105761,0.467036,0.53497,0.444228,0.226614,0.317995,0.480793,0.276054,0.19722,0.580756,0.346392,0.34094,0.135807,0.339336,0.524718,0.334537,0.376188,0.366302,0.521125,0.329777,0.252387,0.284003,0.449823,0.378014,0.375975,0.287101,0.370294,0.369199,0.321267,0.246163,0.273033,0.261537,0.341424,0.362467,0.316171,0.344863,0.302015,0.318518,0.295341,0.364937,0.377953,0.36755,-0.05633,-0.05578,-0.036965,0.044539,0.129148,0.020898,0.043039,0.346523,0.347869,0.278555,0.096227,0.155008,-0.061805,0.052999,-0.097107,0.233099,0.128998,0.047875,0.123751,0.160593,0.169157,0.153914,0.182729,0.115369,0.047839,0.125862,0.105364,0.058405,0.029011,0.081673,0.155508
JPM,0.380768,0.410455,0.384576,0.305822,0.336151,0.287769,0.261405,1.0,0.501012,0.546563,0.359551,0.303475,0.383661,0.356448,0.249284,0.518282,0.859605,0.541029,0.345083,0.457118,0.349743,0.362467,0.331868,0.40429,0.386173,0.461642,0.372111,0.382394,0.360605,0.563174,0.802495,0.79715,0.838233,0.44,0.500088,0.789995,0.450098,0.370359,0.305555,0.29807,0.312029,0.707281,0.535168,0.683213,0.586346,0.902595,0.535381,0.539914,0.459266,0.592049,0.735678,0.674255,0.358778,0.796394,0.574395,0.778424,0.708161,0.796217,0.578019,0.631032,0.590293,0.726778,0.473976,0.389445,0.536001,0.509367,0.647775,0.522379,0.524555,0.456507,0.378806,0.41869,0.601743,0.630478,0.635126,0.598635,0.410551,0.620357,0.591362,0.450705,0.647311,0.532594,-0.320796,-0.301042,-0.199123,-0.113637,0.069609,-0.156853,-0.071298,0.556247,0.559783,0.360735,0.05548,0.32445,0.000672,0.038747,-0.274373,0.272961,0.17167,-0.05734,0.082503,0.174727,0.185872,0.198606,0.239183,0.237802,0.042988,0.249694,0.14678,0.047164,0.015975,0.086934,0.245805
XOM,0.268014,0.247226,0.236717,0.16557,0.18632,0.141776,0.149442,0.501012,1.0,0.389586,0.267182,0.239114,0.356636,0.309723,0.187312,0.383812,0.495559,0.832222,0.26871,0.350801,0.232113,0.209073,0.301235,0.315942,0.280326,0.293902,0.223533,0.246973,0.350714,0.485771,0.453629,0.462483,0.50435,0.356683,0.370253,0.485681,0.324695,0.253668,0.213777,0.289704,0.264463,0.507966,0.331944,0.501411,0.904692,0.56385,0.337523,0.397653,0.39598,0.371168,0.548572,0.560552,0.334649,0.632855,0.363954,0.64335,0.520759,0.628078,0.365178,0.49475,0.471701,0.64706,0.296907,0.250397,0.380162,0.392734,0.479029,0.406465,0.375246,0.423263,0.305092,0.356612,0.494011,0.578318,0.541611,0.403353,0.295941,0.441868,0.424805,0.319384,0.486574,0.423528,-0.25005,-0.228167,-0.147514,-0.01122,0.024984,-0.11988,-0.073992,0.41915,0.415196,0.269622,0.05011,0.251344,-0.048108,0.037152,-0.147247,0.282709,0.155268,0.046503,0.145562,0.212086,0.209666,0.198677,0.28227,0.555436,0.114478,0.527074,0.212212,0.108261,0.085622,0.150899,0.566729
V,0.483626,0.535582,0.489919,0.433779,0.404836,0.385533,0.296676,0.546563,0.389586,1.0,0.379372,0.38679,0.435027,0.397553,0.282848,0.503568,0.521973,0.425816,0.359942,0.46073,0.320449,0.328063,0.411374,0.479087,0.45097,0.496408,0.461394,0.483353,0.359244,0.398699,0.518076,0.538098,0.536368,0.425658,0.44299,0.487925,0.458439,0.380563,0.406045,0.277722,0.339489,0.71147,0.632697,0.599044,0.449908,0.67393,0.630548,0.609845,0.526922,0.631143,0.637306,0.608426,0.387972,0.684667,0.671449,0.670073,0.721053,0.687421,0.671252,0.711145,0.638307,0.614261,0.488883,0.430671,0.480169,0.547804,0.610711,0.502846,0.49337,0.397157,0.388515,0.412448,0.556559,0.567604,0.578656,0.570093,0.377734,0.573626,0.520406,0.431184,0.606897,0.519723,-0.167004,-0.145999,-0.078469,-0.014742,0.149445,-0.026933,0.035296,0.53688,0.533318,0.401153,0.128134,0.254214,-0.033437,0.044466,-0.177156,0.272872,0.182103,-0.01618,0.091427,0.165731,0.163022,0.162078,0.190091,0.173466,0.025867,0.207181,0.123451,0.047182,-0.005501,0.068891,0.188946
UNH,0.279243,0.319787,0.278577,0.211893,0.212407,0.173302,0.154161,0.359551,0.267182,0.379372,1.0,0.305567,0.305681,0.36572,0.23399,0.260218,0.343845,0.318298,0.316771,0.285986,0.207777,0.225559,0.329185,0.335107,0.240087,0.348431,0.348445,0.364688,0.316969,0.251305,0.33714,0.347107,0.331572,0.27354,0.29746,0.322511,0.293536,0.218176,0.290187,0.236751,0.311931,0.466647,0.370876,0.391942,0.302573,0.440544,0.357231,0.615486,0.409347,0.374145,0.429291,0.406754,0.327417,0.517884,0.390455,0.485963,0.506662,0.493892,0.405366,0.522431,0.493802,0.444296,0.26962,0.306907,0.313206,0.379907,0.376174,0.31052,0.302642,0.261058,0.228956,0.250519,0.363309,0.364278,0.371728,0.329936,0.247794,0.348944,0.307748,0.263392,0.375749,0.321733,-0.130757,-0.117577,-0.055531,-0.045221,0.079307,-0.03884,0.013436,0.343199,0.336825,0.21967,0.115278,0.220818,0.010558,0.009395,-0.135159,0.155551,0.091617,0.015783,0.070245,0.13476,0.126836,0.097206,0.108255,0.112234,0.029096,0.154046,0.084794,0.046965,0.017418,0.054493,0.123642
PG,0.316208,0.3229,0.26329,0.191403,0.147766,0.162779,0.096095,0.303475,0.239114,0.38679,0.305567,1.0,0.599137,0.514611,0.428218,0.301162,0.281845,0.244802,0.365841,0.328966,0.200457,0.208802,0.662372,0.43793,0.306413,0.41543,0.354112,0.437719,0.338484,0.21468,0.260685,0.273267,0.265192,0.315595,0.360015,0.277168,0.282396,0.209221,0.430389,0.426997,0.400996,0.468316,0.349882,0.310368,0.22777,0.406773,0.327574,0.529671,0.80586,0.361062,0.422787,0.422377,0.539783,0.538431,0.375713,0.554655,0.57421,0.509435,0.383207,0.619766,0.66686,0.523445,0.212776,0.20461,0.276321,0.483969,0.412277,0.305353,0.316459,0.287054,0.218405,0.264314,0.390017,0.349218,0.406153,0.36349,0.219159,0.386794,0.343349,0.228895,0.401277,0.323535,-0.049741,-0.010924,0.046787,0.00913,0.166169,0.076326,0.145929,0.374153,0.369596,0.270031,0.168696,0.217079,-0.073926,0.091929,-0.042597,0.188437,0.123741,0.054791,0.070804,0.130044,0.105787,0.082301,0.104922,0.060547,0.02304,0.097284,0.042425,0.000908,-0.000947,0.026547,0.067255
KO,0.302477,0.311123,0.266818,0.17222,0.134474,0.140087,0.115826,0.383661,0.356636,0.435027,0.305681,0.599137,1.0,0.491765,0.355066,0.362786,0.346021,0.364714,0.371115,0.324958,0.202026,0.181611,0.695656,0.503298,0.321216,0.408803,0.315047,0.415766,0.402553,0.256874,0.304604,0.325699,0.342277,0.356734,0.398851,0.353665,0.276986,0.182142,0.399307,0.437816,0.375985,0.499958,0.346069,0.379048,0.353921,0.489791,0.329634,0.519522,0.778524,0.393475,0.496651,0.490654,0.573336,0.595206,0.384325,0.608751,0.601347,0.571713,0.391281,0.663266,0.696662,0.613101,0.21511,0.194322,0.323946,0.560299,0.470003,0.340953,0.355993,0.347188,0.23997,0.302294,0.44855,0.417411,0.486963,0.427515,0.251691,0.456851,0.397168,0.249575,0.46032,0.362141,-0.094077,-0.045819,0.022123,0.021226,0.202133,0.077177,0.114511,0.439542,0.433674,0.335695,0.221073,0.218355,-0.11455,0.111883,-0.056007,0.244838,0.178577,0.042981,0.084201,0.139146,0.13365,0.091636,0.112647,0.128986,0.032238,0.190752,0.102007,0.022454,0.029597,0.043932,0.145714
JNJ,0.280139,0.282169,0.257667,0.176003,0.116931,0.146241,0.083245,0.356448,0.309723,0.397553,0.36572,0.514611,0.491765,1.0,0.345779,0.279968,0.318187,0.333025,0.505867,0.351346,0.188264,0.187781,0.52885,0.408091,0.265331,0.370018,0.40641,0.519899,0.382399,0.26838,0.30483,0.325359,0.302559,0.324681,0.397421,0.317058,0.278088,0.178257,0.363237,0.392967,0.506081,0.465145,0.332031,0.347245,0.299847,0.44053,0.302815,0.69639,0.608464,0.328995,0.441595,0.4303,0.465759,0.567971,0.350047,0.574371,0.571374,0.53038,0.363656,0.606231,0.630104,0.525849,0.194282,0.315236,0.280208,0.439439,0.409696,0.302817,0.312521,0.26424,0.226617,0.272796,0.394496,0.356306,0.426657,0.361323,0.21385,0.376514,0.336842,0.229034,0.401323,0.322925,-0.116782,-0.076603,0.004002,-0.027985,0.098547,0.008625,0.050678,0.356011,0.347788,0.232372,0.115769,0.171778,-0.038223,0.049997,-0.078207,0.16962,0.098273,0.025801,0.052621,0.107911,0.104673,0.09175,0.102232,0.083483,0.037823,0.119206,0.031759,0.011432,-0.006671,0.027922,0.089898
WMT,0.288731,0.277788,0.239628,0.226005,0.177884,0.156268,0.141516,0.249284,0.187312,0.282848,0.23399,0.428218,0.355066,0.345779,1.0,0.247033,0.233505,0.187059,0.249748,0.294189,0.181319,0.192968,0.422238,0.306236,0.247864,0.383417,0.249951,0.317921,0.263515,0.208197,0.235255,0.244516,0.21453,0.22072,0.271166,0.234748,0.253965,0.178524,0.563006,0.289013,0.250803,0.405425,0.346254,0.293138,0.187415,0.325882,0.3119,0.395874,0.614134,0.369752,0.344919,0.323119,0.356653,0.422802,0.356347,0.434625,0.474528,0.402231,0.362238,0.476439,0.475835,0.384218,0.220846,0.200558,0.350041,0.338215,0.307787,0.23884,0.278146,0.18973,0.184365,0.196887,0.30315,0.264584,0.275662,0.26226,0.175413,0.263522,0.25465,0.212489,0.302391,0.250892,-0.066792,-0.050381,-0.012816,-0.009454,0.089302,0.006249,0.06206,0.262305,0.263178,0.163329,0.080141,0.14958,0.00976,0.006511,-0.076153,0.13398,0.054477,0.039651,0.052464,0.088866,0.069935,0.067027,0.089527,0.057431,0.021209,0.081839,0.056111,-0.001781,0.000761,0.014197,0.078704
DIS,0.38625,0.405689,0.392666,0.3694,0.337258,0.322004,0.282346,0.518282,0.383812,0.503568,0.260218,0.301162,0.362786,0.279968,0.247033,1.0,0.509492,0.392378,0.285099,0.393842,0.305076,0.296807,0.332316,0.374791,0.442287,0.456736,0.340196,0.33736,0.274165,0.396187,0.50902,0.513232,0.526877,0.340375,0.417008,0.470574,0.394099,0.357838,0.306255,0.27443,0.225766,0.625354,0.531878,0.588139,0.43929,0.603798,0.508635,0.460514,0.442244,0.626534,0.591723,0.55505,0.326359,0.615612,0.573606,0.604882,0.608051,0.637735,0.563862,0.569116,0.501182,0.582601,0.432243,0.374045,0.520423,0.484563,0.545554,0.437854,0.45646,0.339343,0.340061,0.357136,0.51213,0.533752,0.501491,0.509577,0.339791,0.509687,0.464516,0.389614,0.54431,0.450159,-0.131352,-0.10958,-0.050856,0.014255,0.171521,0.006797,0.077821,0.492191,0.490032,0.368335,0.121808,0.256546,-0.044781,0.054267,-0.148355,0.271339,0.156053,0.010841,0.114956,0.176244,0.179077,0.159776,0.199184,0.170347,0.046684,0.181572,0.125916,0.037552,0.018682,0.057439,0.192404
BAC,0.378188,0.391973,0.376798,0.314064,0.326184,0.289013,0.2646,0.859605,0.495559,0.521973,0.343845,0.281845,0.346021,0.318187,0.233505,0.509492,1.0,0.523301,0.321321,0.454203,0.329128,0.343375,0.301003,0.371209,0.374776,0.451857,0.365722,0.368723,0.329374,0.555423,0.784827,0.811616,0.852457,0.421881,0.487295,0.805673,0.446728,0.362684,0.287065,0.281736,0.28169,0.683818,0.521651,0.693508,0.583433,0.886497,0.514746,0.514708,0.428056,0.583856,0.706354,0.661303,0.314627,0.773293,0.555496,0.747279,0.675336,0.778336,0.557158,0.588599,0.547377,0.712349,0.46015,0.406508,0.553518,0.496461,0.625494,0.503255,0.508381,0.445969,0.368008,0.415157,0.574896,0.617597,0.610524,0.581034,0.392297,0.596086,0.580795,0.426179,0.625365,0.513493,-0.337879,-0.313309,-0.20162,-0.135706,0.033905,-0.175567,-0.094312,0.548274,0.551281,0.326022,0.026045,0.27525,0.000413,0.03806,-0.283666,0.264094,0.170423,-0.075841,0.067876,0.169705,0.184393,0.187627,0.243896,0.243051,0.054905,0.253626,0.153484,0.048524,0.016312,0.094101,0.254833
CVX,0.298851,0.310601,0.272048,0.197653,0.235476,0.182927,0.191,0.541029,0.832222,0.425816,0.318298,0.244802,0.364714,0.333025,0.187059,0.392378,0.523301,1.0,0.287636,0.371726,0.257764,0.24963,0.311245,0.36895,0.301365,0.349963,0.277098,0.291588,0.33995,0.492647,0.489377,0.505041,0.536202,0.370094,0.383528,0.496185,0.356583,0.287249,0.23108,0.297702,0.29891,0.558705,0.382246,0.538815,0.906798,0.603454,0.39215,0.441911,0.408084,0.423605,0.589103,0.595729,0.355428,0.667921,0.422521,0.672825,0.564901,0.669691,0.423335,0.540346,0.513894,0.669961,0.347401,0.278684,0.4176,0.440809,0.531062,0.457372,0.405467,0.463661,0.329062,0.381107,0.550681,0.641696,0.591711,0.459065,0.350426,0.498036,0.464701,0.370425,0.539463,0.471908,-0.214267,-0.20278,-0.130765,0.035167,0.077252,-0.088701,-0.033865,0.479984,0.474722,0.3591,0.133959,0.358742,-0.052543,0.049477,-0.147116,0.312392,0.18516,0.055529,0.162784,0.224992,0.214228,0.212844,0.293564,0.547261,0.114008,0.511478,0.216894,0.109012,0.085459,0.153567,0.543759
PFE,0.269824,0.281006,0.253481,0.19427,0.151248,0.172549,0.112003,0.345083,0.26871,0.359942,0.316771,0.365841,0.371115,0.505867,0.249748,0.285099,0.321321,0.287636,1.0,0.324759,0.22573,0.230057,0.38889,0.284647,0.256549,0.334982,0.432522,0.414512,0.310707,0.269145,0.306866,0.32724,0.31667,0.310553,0.355671,0.310251,0.276061,0.22344,0.273374,0.32929,0.487184,0.453522,0.348895,0.368417,0.284653,0.415766,0.327722,0.648881,0.462804,0.339503,0.412035,0.412888,0.354769,0.522753,0.360505,0.522877,0.494149,0.496825,0.371338,0.523961,0.501372,0.472986,0.240273,0.373965,0.295765,0.396204,0.408037,0.305661,0.317836,0.24595,0.249195,0.296387,0.360354,0.341246,0.40293,0.3601,0.229941,0.383304,0.335408,0.248026,0.400135,0.320758,-0.082331,-0.050851,0.006059,-0.002744,0.140981,0.040192,0.074012,0.346223,0.34114,0.240671,0.117737,0.158127,-0.045348,0.054024,-0.071765,0.171189,0.109193,0.017151,0.077031,0.112149,0.10575,0.093846,0.106939,0.074539,0.047205,0.102296,0.043621,0.004227,-0.017495,0.030653,0.087757
CSCO,0.445392,0.476424,0.410134,0.368925,0.407175,0.291725,0.256037,0.457118,0.350801,0.46073,0.285986,0.328966,0.324958,0.351346,0.294189,0.393842,0.454203,0.371726,0.324759,1.0,0.400234,0.416732,0.359069,0.345208,0.340175,0.412711,0.38542,0.376979,0.30709,0.443703,0.466449,0.485579,0.470396,0.442997,0.430892,0.422349,0.501855,0.392009,0.362929,0.251589,0.279515,0.642993,0.607761,0.548424,0.402044,0.537719,0.62856,0.495841,0.457243,0.534947,0.583465,0.529808,0.334657,0.627634,0.589997,0.635825,0.641668,0.617201,0.599183,0.596455,0.519681,0.540321,0.531702,0.365554,0.455886,0.421523,0.53259,0.478228,0.449927,0.344287,0.328304,0.366943,0.494611,0.500162,0.480287,0.493575,0.412141,0.484672,0.456715,0.453693,0.53876,0.476127,-0.17524,-0.156907,-0.085148,-0.04679,0.101551,-0.059768,0.013841,0.445539,0.442906,0.278978,0.061192,0.189096,-0.014349,0.038869,-0.163102,0.242477,0.114104,0.03123,0.112182,0.160008,0.169668,0.162026,0.204984,0.184374,0.014567,0.199127,0.126948,0.043655,0.017512,0.096199,0.211884
INTC,0.362517,0.403892,0.359831,0.337007,0.418361,0.292607,0.277141,0.349743,0.232113,0.320449,0.207777,0.200457,0.202026,0.188264,0.181319,0.305076,0.329128,0.257764,0.22573,0.400234,1.0,0.321339,0.233566,0.191883,0.257553,0.324904,0.304746,0.240133,0.18145,0.391587,0.399746,0.382138,0.368592,0.272864,0.331787,0.30943,0.55135,0.480975,0.256307,0.143259,0.174863,0.550009,0.586256,0.491516,0.290055,0.397518,0.613379,0.352355,0.286357,0.469166,0.467043,0.434879,0.249999,0.490931,0.536226,0.492479,0.494226,0.496631,0.541091,0.428418,0.346331,0.400133,0.661938,0.347996,0.364393,0.321236,0.473191,0.486782,0.43639,0.300793,0.326338,0.339896,0.424754,0.406585,0.391295,0.42788,0.482487,0.40516,0.377315,0.487094,0.489598,0.458285,-0.099898,-0.077354,-0.018803,0.013771,0.159716,0.027154,0.071953,0.388763,0.383967,0.285603,0.128054,0.219399,-0.022818,0.038271,-0.126707,0.245814,0.129092,0.087572,0.170202,0.197143,0.172707,0.15347,0.192558,0.107476,0.017135,0.12922,0.114025,0.026626,-0.013461,0.069068,0.155829
ORCL,0.324047,0.479395,0.359723,0.32395,0.40068,0.27451,0.242222,0.362467,0.209073,0.328063,0.225559,0.208802,0.181611,0.187781,0.192968,0.296807,0.343375,0.24963,0.230057,0.416732,0.321339,1.0,0.233432,0.220441,0.254592,0.305233,0.312097,0.247133,0.228058,0.343043,0.410064,0.409805,0.369278,0.367617,0.316771,0.319703,0.355314,0.33287,0.252753,0.136063,0.176977,0.549925,0.532732,0.441336,0.272768,0.421482,0.584665,0.360108,0.299045,0.452495,0.460578,0.413658,0.255674,0.476749,0.54683,0.477464,0.514304,0.469528,0.559456,0.457463,0.358401,0.38422,0.482555,0.296293,0.352469,0.323468,0.449929,0.420206,0.394078,0.286218,0.265409,0.299052,0.41805,0.424043,0.378116,0.415548,0.39789,0.410554,0.382519,0.43175,0.46066,0.408787,-0.100931,-0.083936,-0.031289,0.008521,0.133737,0.00415,0.070391,0.385649,0.385103,0.26928,0.121818,0.206096,-0.050272,0.071624,-0.108471,0.241091,0.132694,0.06573,0.130882,0.149965,0.157738,0.145797,0.180257,0.119287,0.016738,0.13199,0.097817,0.031142,-0.000801,0.051955,0.15521
PEP,0.350279,0.353042,0.281267,0.212674,0.168202,0.184913,0.127769,0.331868,0.301235,0.411374,0.329185,0.662372,0.695656,0.52885,0.422238,0.332316,0.301003,0.311245,0.38889,0.359069,0.233566,0.233432,1.0,0.493791,0.330936,0.467654,0.358309,0.437685,0.378982,0.225953,0.289438,0.310159,0.291529,0.337948,0.367,0.304055,0.319628,0.23119,0.448551,0.431685,0.397883,0.505209,0.39267,0.35717,0.282636,0.442611,0.366047,0.550707,0.813032,0.40999,0.451507,0.454123,0.579367,0.576993,0.409711,0.593594,0.609093,0.547019,0.419844,0.673063,0.724223,0.574179,0.242102,0.221286,0.323263,0.545102,0.440222,0.322165,0.340627,0.314168,0.223547,0.276185,0.431743,0.374275,0.437544,0.387969,0.227917,0.412675,0.362536,0.245061,0.427967,0.342654,-0.052975,-0.014829,0.05304,0.038473,0.205033,0.091592,0.157521,0.415379,0.41328,0.315478,0.228332,0.277542,-0.037532,0.055861,-0.061015,0.189165,0.126821,0.048906,0.070833,0.134061,0.11562,0.076047,0.082202,0.105355,0.035681,0.142471,0.07266,0.009793,-0.001855,0.034157,0.104789
MCD,0.353442,0.369598,0.317877,0.237105,0.220091,0.231496,0.192266,0.40429,0.315942,0.479087,0.335107,0.43793,0.503298,0.408091,0.306236,0.374791,0.371209,0.36895,0.284647,0.345208,0.191883,0.220441,0.493791,1.0,0.368156,0.47367,0.330913,0.402252,0.342221,0.276446,0.358063,0.372433,0.3925,0.346564,0.370671,0.373514,0.321913,0.248932,0.364764,0.313141,0.34412,0.530223,0.415488,0.436328,0.350511,0.513002,0.401209,0.507401,0.573026,0.500075,0.514764,0.489691,0.453347,0.566806,0.457905,0.569069,0.598335,0.563071,0.460098,0.633359,0.640165,0.556268,0.288905,0.280632,0.39195,0.525901,0.479104,0.355997,0.375766,0.328004,0.25461,0.294491,0.469303,0.462152,0.479994,0.45069,0.269981,0.45001,0.389858,0.289285,0.474795,0.370406,-0.079871,-0.057766,0.006969,0.052407,0.15416,0.028228,0.095292,0.4256,0.426723,0.361486,0.172413,0.298966,-0.032153,0.039518,-0.106445,0.224622,0.144144,0.032697,0.105873,0.161906,0.158921,0.132594,0.127379,0.118885,0.032928,0.16035,0.105052,0.048828,0.008693,0.053388,0.134323
NKE,0.391473,0.382143,0.375398,0.357504,0.32002,0.308129,0.257759,0.386173,0.280326,0.45097,0.240087,0.306413,0.321216,0.265331,0.247864,0.442287,0.374776,0.301365,0.256549,0.340175,0.257553,0.254592,0.330936,0.368156,1.0,0.475623,0.376951,0.349476,0.244502,0.325101,0.393511,0.408694,0.395148,0.300854,0.379792,0.361691,0.370674,0.329815,0.334318,0.210883,0.248917,0.560478,0.499572,0.510953,0.318227,0.491108,0.472257,0.443989,0.431536,0.604324,0.517535,0.497484,0.305747,0.525982,0.53506,0.522301,0.572462,0.540094,0.530799,0.523996,0.469267,0.498732,0.399415,0.343126,0.531259,0.440265,0.484096,0.413353,0.401919,0.28763,0.346918,0.352221,0.426851,0.44063,0.432341,0.455751,0.328871,0.456647,0.391761,0.36863,0.482946,0.421653,-0.091383,-0.084745,-0.040367,0.007686,0.152889,0.014889,0.061673,0.443376,0.442971,0.338463,0.136006,0.184399,-0.044814,0.046757,-0.104995,0.226059,0.14238,-0.013342,0.082909,0.126515,0.155824,0.140187,0.156444,0.102565,0.038204,0.13866,0.101755,0.021416,0.003014,0.059391,0.131454
HD,0.4409,0.451153,0.411345,0.385656,0.367825,0.3208,0.284852,0.461642,0.293902,0.496408,0.348431,0.41543,0.408803,0.370018,0.383417,0.456736,0.451857,0.349963,0.334982,0.412711,0.324904,0.305233,0.467654,0.47367,0.475623,1.0,0.437854,0.432323,0.320195,0.398057,0.482326,0.474579,0.464377,0.370584,0.475077,0.437685,0.459578,0.385411,0.482132,0.306225,0.298501,0.669232,0.582324,0.616365,0.348372,0.582565,0.55693,0.570272,0.580609,0.704861,0.639055,0.611818,0.439652,0.659159,0.620741,0.655026,0.705187,0.663043,0.623009,0.675421,0.64141,0.612435,0.473854,0.41618,0.632994,0.596047,0.577569,0.4617,0.482183,0.332247,0.325971,0.372659,0.531358,0.518066,0.523995,0.54041,0.388387,0.535981,0.472487,0.428588,0.577218,0.465871,-0.043214,-0.011556,0.053844,0.089139,0.278584,0.124849,0.179968,0.548011,0.547647,0.444589,0.24241,0.312484,-0.063488,0.077307,-0.094674,0.264451,0.180384,0.048223,0.128345,0.178765,0.189751,0.164134,0.16992,0.104035,0.038536,0.135575,0.112733,0.025495,0.007558,0.049479,0.134672
TMO,0.397922,0.441761,0.399879,0.360578,0.3646,0.313958,0.245015,0.372111,0.223533,0.461394,0.348445,0.354112,0.315047,0.40641,0.249951,0.340196,0.365722,0.277098,0.432522,0.38542,0.304746,0.312097,0.358309,0.330913,0.376951,0.437854,1.0,0.552466,0.289054,0.334372,0.380753,0.414,0.379227,0.329809,0.399632,0.324279,0.393912,0.341621,0.348867,0.232949,0.423193,0.602611,0.554563,0.514413,0.274268,0.473647,0.529793,0.691852,0.447302,0.517362,0.516211,0.521387,0.342122,0.564387,0.579276,0.548927,0.610091,0.5678,0.582298,0.596495,0.537619,0.468939,0.454537,0.477484,0.406799,0.448368,0.519286,0.447204,0.421608,0.299765,0.348165,0.3632,0.444332,0.446136,0.458381,0.47736,0.360621,0.478804,0.439105,0.398754,0.516457,0.453458,-0.090576,-0.068927,-0.019835,0.010493,0.160537,0.027,0.05825,0.460128,0.459335,0.3164,0.081591,0.142952,-0.092298,0.104853,-0.121266,0.248393,0.157663,0.060313,0.135791,0.169891,0.146847,0.157967,0.194432,0.079304,0.015969,0.109122,0.078871,0.010594,-0.007093,0.070225,0.129558
ABT,0.370087,0.413595,0.354224,0.291963,0.284229,0.236525,0.172098,0.382394,0.246973,0.483353,0.364688,0.437719,0.415766,0.519899,0.317921,0.33736,0.368723,0.291588,0.414512,0.376979,0.240133,0.247133,0.437685,0.402252,0.349476,0.432323,0.552466,1.0,0.338632,0.272621,0.354624,0.390372,0.355029,0.35667,0.369905,0.331508,0.351586,0.280125,0.401885,0.338688,0.432975,0.561987,0.481284,0.449535,0.274418,0.489503,0.448121,0.711019,0.550889,0.453284,0.495138,0.480705,0.41386,0.581532,0.506455,0.568482,0.620121,0.567311,0.511854,0.63944,0.620382,0.506543,0.34003,0.424482,0.37671,0.478102,0.481497,0.376655,0.386539,0.279592,0.296311,0.324885,0.434054,0.424691,0.456797,0.433804,0.283904,0.43719,0.394545,0.304166,0.473688,0.392078,-0.116638,-0.081136,-0.014028,-0.013075,0.140218,0.019513,0.057405,0.446438,0.441514,0.298238,0.118826,0.171824,-0.049771,0.059284,-0.106747,0.214393,0.144549,0.028781,0.073109,0.129252,0.129484,0.106033,0.139099,0.076721,0.025227,0.115649,0.061814,0.007606,-0.00171,0.037952,0.098818
LMT,0.251778,0.267288,0.215655,0.159766,0.158783,0.137916,0.094114,0.360605,0.350714,0.359244,0.316969,0.338484,0.402553,0.382399,0.263515,0.274165,0.329374,0.33995,0.310707,0.30709,0.18145,0.228058,0.378982,0.342221,0.244502,0.320195,0.289054,0.338632,1.0,0.313515,0.310807,0.322839,0.321993,0.334784,0.346326,0.337057,0.247765,0.162216,0.293876,0.272986,0.300534,0.439524,0.319653,0.37511,0.360891,0.437063,0.31339,0.456364,0.460549,0.325708,0.548373,0.418812,0.409514,0.52347,0.341193,0.522138,0.520323,0.495537,0.35355,0.529719,0.542384,0.501414,0.215633,0.239224,0.270624,0.395982,0.379197,0.271539,0.323039,0.288791,0.177217,0.238368,0.367152,0.36819,0.387345,0.323542,0.209955,0.343776,0.323789,0.214711,0.377734,0.286942,-0.160711,-0.120412,-0.055956,-0.026257,0.087468,-0.025162,0.021744,0.34085,0.335085,0.196851,0.10099,0.174963,0.01628,-0.004947,-0.093736,0.143539,0.067021,0.04128,0.084659,0.125827,0.136678,0.06967,0.10687,0.155921,0.020975,0.193908,0.086912,0.053553,0.045597,0.073897,0.16972
CAT,0.35147,0.335345,0.353922,0.293275,0.353853,0.229734,0.24204,0.563174,0.485771,0.398699,0.251305,0.21468,0.256874,0.26838,0.208197,0.396187,0.555423,0.492647,0.269145,0.443703,0.391587,0.343043,0.225953,0.276446,0.325101,0.398057,0.334372,0.272621,0.313515,1.0,0.594053,0.58409,0.571164,0.360086,0.521354,0.509794,0.500977,0.407611,0.246713,0.218987,0.244422,0.632811,0.524605,0.648164,0.56474,0.616249,0.53932,0.431623,0.350509,0.526628,0.756226,0.68314,0.296736,0.679783,0.53212,0.675927,0.633617,0.677401,0.542972,0.507754,0.44839,0.62322,0.538108,0.370189,0.487892,0.406556,0.603313,0.561497,0.508643,0.432487,0.38219,0.434949,0.565414,0.616971,0.571727,0.542494,0.50655,0.549454,0.522802,0.5154,0.617686,0.547334,-0.230022,-0.203873,-0.121259,-0.037746,0.068095,-0.094003,-0.042862,0.478979,0.476434,0.31276,0.026503,0.18105,-0.100843,0.103197,-0.147151,0.352326,0.202172,0.071717,0.198219,0.237363,0.262767,0.257353,0.344684,0.287852,0.021404,0.27746,0.196808,0.080699,0.040324,0.153195,0.33781
GS,0.429042,0.441902,0.431088,0.367994,0.405904,0.324794,0.31268,0.802495,0.453629,0.518076,0.33714,0.260685,0.304604,0.30483,0.235255,0.50902,0.784827,0.489377,0.306866,0.466449,0.399746,0.410064,0.289438,0.358063,0.393511,0.482326,0.380753,0.354624,0.310807,0.594053,1.0,0.856597,0.799041,0.406222,0.506907,0.72261,0.49781,0.423992,0.320036,0.235828,0.278512,0.733537,0.608224,0.728558,0.545803,0.839285,0.610247,0.515191,0.418638,0.633301,0.735902,0.676287,0.324078,0.768459,0.637329,0.748257,0.704564,0.775447,0.641508,0.608435,0.540494,0.689507,0.559107,0.439317,0.574367,0.499141,0.679772,0.576782,0.575037,0.465457,0.405224,0.456224,0.614354,0.648128,0.634678,0.624429,0.492306,0.627292,0.603552,0.520058,0.686075,0.572717,-0.241888,-0.21778,-0.125144,-0.049326,0.129279,-0.073612,0.011609,0.563062,0.564647,0.395144,0.108164,0.306568,-0.039711,0.067751,-0.227221,0.320584,0.193496,-0.007741,0.132507,0.215387,0.230594,0.227717,0.279435,0.227064,0.049768,0.234481,0.158438,0.040924,0.006945,0.092855,0.252247
MS,0.426485,0.452284,0.432007,0.366928,0.416281,0.327189,0.306161,0.79715,0.462483,0.538098,0.347107,0.273267,0.325699,0.325359,0.244516,0.513232,0.811616,0.505041,0.32724,0.485579,0.382138,0.409805,0.310159,0.372433,0.408694,0.474579,0.414,0.390372,0.322839,0.58409,0.856597,1.0,0.805673,0.435546,0.506721,0.7252,0.498973,0.422921,0.31231,0.245628,0.283864,0.73893,0.60866,0.72667,0.557559,0.853277,0.610311,0.537938,0.433833,0.63346,0.738017,0.684318,0.335936,0.780167,0.639925,0.75613,0.713316,0.787679,0.642493,0.620155,0.559304,0.695458,0.557127,0.456255,0.571471,0.505288,0.685604,0.576963,0.570997,0.454908,0.416716,0.466921,0.616962,0.654144,0.642096,0.634495,0.485944,0.64284,0.620099,0.520084,0.689189,0.576976,-0.274018,-0.258167,-0.162995,-0.087044,0.108473,-0.112886,-0.017309,0.57339,0.576737,0.387505,0.093019,0.320811,-0.032376,0.064444,-0.253397,0.308483,0.191158,-0.025605,0.116567,0.215764,0.230484,0.20578,0.271669,0.234669,0.055492,0.248293,0.158437,0.046814,0.016143,0.095969,0.258961
C,0.390929,0.416215,0.402763,0.325962,0.355888,0.301922,0.291812,0.838233,0.50435,0.536368,0.331572,0.265192,0.342277,0.302559,0.21453,0.526877,0.852457,0.536202,0.31667,0.470396,0.368592,0.369278,0.291529,0.3925,0.395148,0.464377,0.379227,0.355029,0.321993,0.571164,0.799041,0.805673,1.0,0.456845,0.49096,0.776092,0.464064,0.403762,0.27888,0.250323,0.275292,0.712417,0.559859,0.721423,0.599336,0.869211,0.562646,0.514236,0.419218,0.615376,0.730965,0.6684,0.321696,0.776997,0.595918,0.755327,0.687757,0.786803,0.597243,0.605376,0.548663,0.714934,0.5139,0.422316,0.579312,0.51652,0.675553,0.562259,0.561512,0.478316,0.402848,0.445698,0.621259,0.657025,0.648095,0.625386,0.456173,0.636324,0.612858,0.493303,0.678561,0.567766,-0.283482,-0.26005,-0.168012,-0.067502,0.103347,-0.113647,-0.026732,0.584858,0.58863,0.399828,0.081367,0.313317,-0.036971,0.069167,-0.246313,0.328827,0.204163,-0.03868,0.106478,0.205008,0.215956,0.209875,0.273145,0.252249,0.051408,0.272227,0.180665,0.068539,0.029141,0.122494,0.278293
IBM,0.329311,0.372292,0.310161,0.246133,0.260281,0.211407,0.169542,0.44,0.356683,0.425658,0.27354,0.315595,0.356734,0.324681,0.22072,0.340375,0.421881,0.370094,0.310553,0.442997,0.272864,0.367617,0.337948,0.346564,0.300854,0.370584,0.329809,0.35667,0.334784,0.360086,0.406222,0.435546,0.456845,1.0,0.398493,0.420997,0.321349,0.298314,0.282689,0.280042,0.274254,0.534462,0.431329,0.479211,0.392653,0.525706,0.464386,0.451476,0.424214,0.436872,0.519572,0.479165,0.343593,0.575768,0.451341,0.583112,0.564027,0.566689,0.459907,0.553954,0.493449,0.550961,0.366386,0.285961,0.39846,0.416892,0.473982,0.3831,0.385038,0.324836,0.272906,0.318362,0.444006,0.460507,0.468138,0.44333,0.304587,0.437459,0.410959,0.348738,0.472293,0.395686,-0.153494,-0.124047,-0.053948,-0.03227,0.124867,-0.017636,0.03208,0.407004,0.406314,0.275451,0.123283,0.221456,-0.052099,0.051804,-0.114676,0.221447,0.161938,0.01547,0.096639,0.154334,0.164324,0.141476,0.175964,0.159681,0.017864,0.185631,0.120255,0.040992,0.010522,0.083034,0.187488
MMM,0.363767,0.348788,0.342736,0.285063,0.297652,0.256655,0.200546,0.500088,0.370253,0.44299,0.29746,0.360015,0.398851,0.397421,0.271166,0.417008,0.487295,0.383528,0.355671,0.430892,0.331787,0.316771,0.367,0.370671,0.379792,0.475077,0.399632,0.369905,0.346326,0.521354,0.506907,0.506721,0.49096,0.398493,1.0,0.476812,0.440367,0.341216,0.329465,0.279301,0.287725,0.605495,0.486624,0.570004,0.410262,0.587817,0.483162,0.509751,0.497726,0.522745,0.68046,0.62234,0.38321,0.654593,0.506979,0.658276,0.653056,0.646854,0.51552,0.588688,0.560586,0.625119,0.429005,0.345755,0.502906,0.475093,0.557921,0.450743,0.472438,0.344173,0.325569,0.375226,0.497028,0.507322,0.519562,0.52055,0.380281,0.517385,0.473841,0.397096,0.557536,0.453914,-0.144123,-0.113291,-0.041743,-0.033352,0.120246,-0.009944,0.039472,0.442033,0.441749,0.304854,0.078288,0.180865,-0.073839,0.08235,-0.122965,0.277223,0.166628,0.020686,0.109581,0.168656,0.165386,0.166883,0.210615,0.116469,0.014448,0.147405,0.114253,0.022368,0.005913,0.078924,0.149584
WFC,0.343589,0.362357,0.352213,0.281291,0.284632,0.257981,0.241629,0.789995,0.485681,0.487925,0.322511,0.277168,0.353665,0.317058,0.234748,0.470574,0.805673,0.496185,0.310251,0.422349,0.30943,0.319703,0.304055,0.373514,0.361691,0.437685,0.324279,0.331508,0.337057,0.509794,0.72261,0.7252,0.776092,0.420997,0.476812,1.0,0.419107,0.343701,0.280664,0.277719,0.264583,0.649458,0.48304,0.666464,0.549747,0.846476,0.47909,0.483633,0.429845,0.561608,0.680804,0.621362,0.353966,0.742708,0.520311,0.735403,0.653528,0.746172,0.524135,0.583274,0.552684,0.718998,0.423652,0.358209,0.535914,0.493783,0.593611,0.4583,0.490957,0.422314,0.329229,0.374491,0.550246,0.576933,0.584242,0.550196,0.359957,0.566587,0.539091,0.38721,0.592194,0.470212,-0.299231,-0.279323,-0.19485,-0.113057,0.058368,-0.145257,-0.068593,0.505725,0.50883,0.307523,0.055458,0.29861,-0.017804,0.045529,-0.237859,0.262509,0.170028,-0.050414,0.065392,0.172735,0.179476,0.159446,0.203457,0.203222,0.038481,0.233943,0.162644,0.049164,0.019688,0.091124,0.223184
TXN,0.499644,0.477875,0.460901,0.416746,0.53813,0.357011,0.347287,0.450098,0.324695,0.458439,0.293536,0.282396,0.276986,0.278088,0.253965,0.394099,0.446728,0.356583,0.276061,0.501855,0.55135,0.355314,0.319628,0.321913,0.370674,0.459578,0.393912,0.351586,0.247765,0.500977,0.49781,0.498973,0.464064,0.321349,0.440367,0.419107,1.0,0.580038,0.384003,0.211135,0.255674,0.692225,0.706924,0.626436,0.387508,0.534234,0.711863,0.49046,0.415624,0.612693,0.627685,0.593242,0.314157,0.6294,0.671895,0.634395,0.662984,0.639508,0.673318,0.576355,0.493596,0.533496,0.780161,0.437179,0.484362,0.43463,0.588412,0.579285,0.511138,0.376924,0.413947,0.432761,0.532117,0.512549,0.500989,0.543745,0.512201,0.527668,0.481836,0.557205,0.597436,0.564769,-0.147247,-0.126336,-0.041194,-0.011278,0.138462,-0.012963,0.035487,0.497737,0.490891,0.352186,0.103154,0.20916,-0.048053,0.057211,-0.159764,0.300445,0.159143,0.066943,0.162731,0.211168,0.209112,0.184622,0.235496,0.157164,0.041348,0.178804,0.12442,0.029768,0.00235,0.08702,0.20371
QCOM,0.46994,0.438203,0.430385,0.386621,0.500714,0.325444,0.338175,0.370359,0.253668,0.380563,0.218176,0.209221,0.182142,0.178257,0.178524,0.357838,0.362684,0.287249,0.22344,0.392009,0.480975,0.33287,0.23119,0.248932,0.329815,0.385411,0.341621,0.280125,0.162216,0.407611,0.423992,0.422921,0.403762,0.298314,0.341216,0.343701,0.580038,1.0,0.313324,0.14228,0.176553,0.610083,0.647289,0.53964,0.319593,0.443628,0.659852,0.390306,0.308661,0.555639,0.507457,0.49212,0.229303,0.51469,0.619569,0.520405,0.552122,0.530593,0.619561,0.469529,0.371555,0.429314,0.706177,0.380571,0.435335,0.359037,0.526208,0.517623,0.476757,0.322535,0.370525,0.37956,0.477887,0.469612,0.438837,0.476599,0.467878,0.457236,0.419269,0.526671,0.537789,0.502532,-0.089403,-0.07685,-0.01636,0.026214,0.161367,0.027368,0.076696,0.445223,0.445941,0.340457,0.123553,0.208177,-0.076113,0.084164,-0.100473,0.287562,0.170196,0.065736,0.160812,0.198886,0.191236,0.176113,0.214267,0.142521,0.02805,0.157683,0.117649,0.026605,-0.025851,0.070032,0.179983
COST,0.409915,0.432998,0.37283,0.377799,0.329667,0.275151,0.238805,0.305555,0.213777,0.406045,0.290187,0.430389,0.399307,0.363237,0.563006,0.306255,0.287065,0.23108,0.273374,0.362929,0.256307,0.252753,0.448551,0.364764,0.334318,0.482132,0.348867,0.401885,0.293876,0.246713,0.320036,0.31231,0.27888,0.282689,0.329465,0.280664,0.384003,0.313324,1.0,0.277576,0.262055,0.550465,0.527761,0.406764,0.227494,0.416195,0.482305,0.483933,0.639965,0.531725,0.442731,0.407793,0.36982,0.502599,0.536722,0.505912,0.591563,0.489146,0.540387,0.585537,0.547666,0.438687,0.383929,0.284919,0.435697,0.422465,0.406093,0.323758,0.3411,0.240855,0.233661,0.245882,0.388388,0.353235,0.347734,0.371859,0.248112,0.363532,0.330851,0.304584,0.39978,0.336354,-0.084792,-0.055117,-0.001675,0.013203,0.124376,0.024461,0.070647,0.372294,0.371902,0.256457,0.106453,0.143871,-0.028317,0.040963,-0.091325,0.196413,0.091725,0.03007,0.066946,0.09854,0.111143,0.107202,0.123105,0.1059,0.042427,0.123152,0.074104,0.004793,-0.007215,0.027963,0.119011
VZ,0.198888,0.209338,0.175195,0.120281,0.059653,0.102563,0.045059,0.29807,0.289704,0.277722,0.236751,0.426997,0.437816,0.392967,0.289013,0.27443,0.281736,0.297702,0.32929,0.251589,0.143259,0.136063,0.431685,0.313141,0.210883,0.306225,0.232949,0.338688,0.272986,0.218987,0.235828,0.245628,0.250323,0.280042,0.279301,0.277719,0.211135,0.14228,0.277576,1.0,0.325793,0.355409,0.225598,0.275914,0.279164,0.366656,0.212922,0.406999,0.522474,0.265034,0.341038,0.354144,0.441473,0.463973,0.245875,0.481106,0.427534,0.440783,0.249167,0.493464,0.518076,0.489203,0.113361,0.154064,0.257225,0.411531,0.312906,0.228548,0.242186,0.238046,0.180934,0.207566,0.304719,0.296585,0.329933,0.270708,0.145391,0.293871,0.275789,0.160875,0.306614,0.247473,-0.050267,-0.021595,0.024054,0.026502,0.10408,0.040656,0.080803,0.301708,0.296208,0.206141,0.119342,0.126251,-0.032288,0.03266,-0.038528,0.16489,0.085343,0.010986,0.022626,0.053943,0.067549,0.056023,0.09145,0.095805,0.049001,0.127932,0.083018,0.0357,0.039722,0.046123,0.102579
MRK,0.250516,0.243803,0.215014,0.157761,0.121498,0.155846,0.105761,0.312029,0.264463,0.339489,0.311931,0.400996,0.375985,0.506081,0.250803,0.225766,0.28169,0.29891,0.487184,0.279515,0.174863,0.176977,0.397883,0.34412,0.248917,0.298501,0.423193,0.432975,0.300534,0.244422,0.278512,0.283864,0.275292,0.274254,0.287725,0.264583,0.255674,0.176553,0.262055,0.325793,1.0,0.418365,0.310654,0.33713,0.277975,0.380682,0.283886,0.653543,0.47345,0.303173,0.379109,0.387305,0.349286,0.492539,0.325939,0.487799,0.473341,0.462681,0.339187,0.512735,0.505599,0.439534,0.201822,0.351545,0.250498,0.373245,0.374286,0.277819,0.288305,0.237602,0.196712,0.243746,0.333618,0.308239,0.38149,0.326781,0.213063,0.351386,0.314719,0.215937,0.365211,0.289278,-0.079127,-0.06325,-0.016013,-0.009163,0.091551,0.001055,0.039811,0.320551,0.315327,0.221495,0.088133,0.159767,0.00323,0.005691,-0.107615,0.152126,0.075155,0.012449,0.06082,0.090798,0.075381,0.076583,0.085012,0.087889,0.030373,0.125627,0.063531,0.019176,-0.003628,0.049131,0.09712
SPY,0.684797,0.727899,0.683353,0.617238,0.635509,0.529777,0.467036,0.707281,0.507966,0.71147,0.466647,0.468316,0.499958,0.465145,0.405425,0.625354,0.683818,0.558705,0.453522,0.642993,0.550009,0.549925,0.505209,0.530223,0.560478,0.669232,0.602611,0.561987,0.439524,0.632811,0.733537,0.73893,0.712417,0.534462,0.605495,0.649458,0.692225,0.610083,0.550465,0.355409,0.418365,1.0,0.930175,0.866315,0.604224,0.843425,0.916118,0.772092,0.67256,0.894493,0.8845,0.830121,0.537521,0.923738,0.956898,0.917243,0.953923,0.93461,0.960624,0.894167,0.788846,0.820077,0.800214,0.614248,0.710572,0.709926,0.844331,0.744245,0.716408,0.547517,0.5335,0.568168,0.777241,0.79225,0.762162,0.771462,0.630667,0.765912,0.704483,0.692214,0.851175,0.744307,-0.196652,-0.163109,-0.068104,0.01714,0.251293,0.013132,0.095106,0.757298,0.753739,0.55063,0.197657,0.356329,-0.094882,0.108457,-0.206882,0.430394,0.25804,0.071308,0.215198,0.28391,0.274603,0.25435,0.317107,0.261866,0.066289,0.295903,0.1998,0.055597,0.016959,0.118982,0.312938
QQQ,0.740395,0.779185,0.742472,0.713356,0.7216,0.6051,0.53497,0.535168,0.331944,0.632697,0.370876,0.349882,0.346069,0.332031,0.346254,0.531878,0.521651,0.382246,0.348895,0.607761,0.586256,0.532732,0.39267,0.415488,0.499572,0.582324,0.554563,0.481284,0.319653,0.524605,0.608224,0.60866,0.559859,0.431329,0.486624,0.48304,0.706924,0.647289,0.527761,0.225598,0.310654,0.930175,1.0,0.773607,0.423665,0.6591,0.969699,0.658069,0.525954,0.871195,0.731566,0.681677,0.390756,0.749952,0.976719,0.746358,0.826569,0.766997,0.977595,0.759062,0.618963,0.611343,0.866567,0.624494,0.628528,0.566436,0.751862,0.718528,0.660309,0.46357,0.523574,0.524078,0.679527,0.671484,0.632681,0.693165,0.62597,0.664335,0.606117,0.696297,0.762818,0.707176,-0.143211,-0.118407,-0.043892,0.026071,0.237345,0.032565,0.097758,0.669482,0.666639,0.494291,0.164849,0.280664,-0.084281,0.095148,-0.172228,0.386643,0.222557,0.081542,0.21401,0.25773,0.242857,0.227037,0.282852,0.184347,0.044237,0.215738,0.169883,0.038001,0.001393,0.09755,0.241279
IWM,0.537109,0.53585,0.539279,0.48514,0.524005,0.42602,0.444228,0.683213,0.501411,0.599044,0.391942,0.310368,0.379048,0.347245,0.293138,0.588139,0.693508,0.538815,0.368417,0.548424,0.491516,0.441336,0.35717,0.436328,0.510953,0.616365,0.514413,0.449535,0.37511,0.648164,0.728558,0.72667,0.721423,0.479211,0.570004,0.666464,0.626436,0.53964,0.406764,0.275914,0.33713,0.866315,0.773607,1.0,0.620501,0.811504,0.753605,0.658193,0.525562,0.817104,0.850866,0.805409,0.444822,0.85391,0.802735,0.843945,0.835931,0.884365,0.803388,0.761452,0.669009,0.813346,0.709249,0.711844,0.806858,0.694417,0.781518,0.683925,0.663022,0.523831,0.493999,0.524802,0.723404,0.766147,0.715524,0.719173,0.578741,0.716517,0.660617,0.62451,0.791723,0.681776,-0.169781,-0.137795,-0.046883,0.043621,0.240921,0.024399,0.093346,0.71133,0.708959,0.522317,0.178226,0.316812,-0.112064,0.117942,-0.174031,0.423716,0.260795,0.081314,0.220911,0.29173,0.281929,0.251703,0.315187,0.245851,0.049805,0.276185,0.192262,0.05989,0.030381,0.124456,0.305892
XLE,0.321953,0.313798,0.299203,0.231737,0.262001,0.195542,0.226614,0.586346,0.904692,0.449908,0.302573,0.22777,0.353921,0.299847,0.187415,0.43929,0.583433,0.906798,0.284653,0.402044,0.290055,0.272768,0.282636,0.350511,0.318227,0.348372,0.274268,0.274418,0.360891,0.56474,0.545803,0.557559,0.599336,0.392653,0.410262,0.549747,0.387508,0.319593,0.227494,0.279164,0.277975,0.604224,0.423665,0.620501,1.0,0.655072,0.429839,0.449289,0.401974,0.467297,0.644815,0.654166,0.348173,0.713879,0.463964,0.714861,0.594949,0.720635,0.462579,0.551253,0.510092,0.719095,0.39382,0.336657,0.47066,0.463279,0.57882,0.503446,0.453355,0.500104,0.365072,0.421549,0.590897,0.710442,0.631777,0.497578,0.381783,0.537389,0.516454,0.41017,0.590106,0.518157,-0.258463,-0.236892,-0.149891,0.032996,0.068255,-0.110262,-0.044955,0.520983,0.517986,0.371347,0.08059,0.332799,-0.063548,0.058736,-0.179684,0.350047,0.201534,0.062434,0.178809,0.246996,0.241858,0.230381,0.333636,0.621989,0.144001,0.591431,0.249006,0.135307,0.102267,0.181177,0.634963
XLF,0.484072,0.518117,0.477532,0.395366,0.406421,0.358214,0.317995,0.902595,0.56385,0.67393,0.440544,0.406773,0.489791,0.44053,0.325882,0.603798,0.886497,0.603454,0.415766,0.537719,0.397518,0.421482,0.442611,0.513002,0.491108,0.582565,0.473647,0.489503,0.437063,0.616249,0.839285,0.853277,0.869211,0.525706,0.587817,0.846476,0.534234,0.443628,0.416195,0.366656,0.380682,0.843425,0.6591,0.811504,0.655072,1.0,0.650408,0.671578,0.599579,0.727755,0.853489,0.79463,0.466688,0.920186,0.709203,0.898404,0.85396,0.924212,0.712021,0.793673,0.744219,0.862174,0.557708,0.485469,0.655771,0.65655,0.760892,0.606549,0.619426,0.521259,0.441713,0.493825,0.703713,0.735816,0.737653,0.704797,0.477029,0.719399,0.677106,0.522809,0.759557,0.621124,-0.30321,-0.276631,-0.170001,-0.074848,0.133744,-0.111585,-0.015426,0.66615,0.667741,0.448522,0.119564,0.37197,-0.036215,0.067287,-0.270894,0.345076,0.223743,-0.04118,0.107031,0.216729,0.228431,0.218081,0.270059,0.256173,0.059632,0.284164,0.180287,0.057089,0.019014,0.108273,0.278398
XLK,0.741875,0.782972,0.684175,0.627173,0.735574,0.544126,0.480793,0.535381,0.337523,0.630548,0.357231,0.327574,0.329634,0.302815,0.3119,0.508635,0.514746,0.39215,0.327722,0.62856,0.613379,0.584665,0.366047,0.401209,0.472257,0.55693,0.529793,0.448121,0.31339,0.53932,0.610247,0.610311,0.562646,0.464386,0.483162,0.47909,0.711863,0.659852,0.482305,0.212922,0.283886,0.916118,0.969699,0.753605,0.429839,0.650408,1.0,0.607306,0.487733,0.809065,0.732847,0.672655,0.387965,0.742853,0.954435,0.742001,0.819303,0.755702,0.95943,0.743312,0.597698,0.605354,0.891916,0.561635,0.593892,0.54967,0.736847,0.710733,0.649099,0.457183,0.495094,0.506334,0.673961,0.667835,0.619095,0.678235,0.644558,0.650467,0.591907,0.707531,0.751295,0.691517,-0.149935,-0.125929,-0.052359,0.018128,0.23443,0.024293,0.093432,0.653649,0.651684,0.482883,0.171054,0.296153,-0.072624,0.089445,-0.173746,0.376209,0.212787,0.085305,0.22116,0.26035,0.246369,0.228331,0.281562,0.19157,0.040617,0.224182,0.170867,0.037113,-0.001603,0.094822,0.24685
XLV,0.482088,0.513558,0.478902,0.392653,0.369223,0.34899,0.276054,0.539914,0.397653,0.609845,0.615486,0.529671,0.519522,0.69639,0.395874,0.460514,0.514708,0.441911,0.648881,0.495841,0.352355,0.360108,0.550707,0.507401,0.443989,0.570272,0.691852,0.711019,0.456364,0.431623,0.515191,0.537938,0.514236,0.451476,0.509751,0.483633,0.49046,0.390306,0.483933,0.406999,0.653543,0.772092,0.658069,0.658193,0.449289,0.671578,0.607306,1.0,0.69085,0.631321,0.686878,0.669331,0.520972,0.804174,0.684968,0.786067,0.815897,0.783604,0.696071,0.836304,0.782649,0.702927,0.488093,0.643622,0.527681,0.627172,0.664927,0.526088,0.538057,0.40182,0.39795,0.442671,0.60392,0.585912,0.635029,0.594693,0.412535,0.607526,0.545486,0.447694,0.657616,0.543467,-0.151035,-0.113436,-0.023622,-0.005879,0.187471,0.019661,0.083348,0.589809,0.582304,0.408689,0.169244,0.270985,-0.055984,0.068941,-0.156573,0.299403,0.186562,0.038468,0.126459,0.194492,0.186723,0.162297,0.199058,0.144965,0.056157,0.190092,0.111204,0.031272,0.001113,0.074952,0.17395
XLP,0.438585,0.440919,0.376857,0.305115,0.247134,0.249634,0.19722,0.459266,0.39598,0.526922,0.409347,0.80586,0.778524,0.608464,0.614134,0.442244,0.428056,0.408084,0.462804,0.457243,0.286357,0.299045,0.813032,0.573026,0.431536,0.580609,0.447302,0.550889,0.460549,0.350509,0.418638,0.433833,0.419218,0.424214,0.497726,0.429845,0.415624,0.308661,0.639965,0.522474,0.47345,0.67256,0.525954,0.525562,0.401974,0.599579,0.487733,0.69085,1.0,0.565366,0.621794,0.614865,0.665876,0.750075,0.557011,0.766699,0.78236,0.722663,0.564747,0.829939,0.859921,0.743519,0.349135,0.333207,0.500029,0.669124,0.591874,0.44745,0.46891,0.410859,0.322573,0.380881,0.562733,0.525389,0.580259,0.528699,0.333119,0.551993,0.49807,0.358503,0.581873,0.470193,-0.100778,-0.053673,0.023813,0.026786,0.214794,0.073658,0.149188,0.534946,0.530766,0.388853,0.221509,0.290584,-0.090634,0.104172,-0.086375,0.284907,0.17846,0.065165,0.111364,0.182219,0.161922,0.128437,0.1568,0.140363,0.043425,0.185163,0.108188,0.024891,0.015548,0.058431,0.16078
XLY,0.610777,0.648025,0.644712,0.717021,0.581863,0.522063,0.580756,0.592049,0.371168,0.631143,0.374145,0.361062,0.393475,0.328995,0.369752,0.626534,0.583856,0.423605,0.339503,0.534947,0.469166,0.452495,0.40999,0.500075,0.604324,0.704861,0.517362,0.453284,0.325708,0.526628,0.633301,0.63346,0.615376,0.436872,0.522745,0.561608,0.612693,0.555639,0.531725,0.265034,0.303173,0.894493,0.871195,0.817104,0.467297,0.727755,0.809065,0.631321,0.565366,1.0,0.771122,0.725272,0.412795,0.777192,0.898897,0.767661,0.8286,0.806274,0.894571,0.761274,0.651243,0.695493,0.716285,0.583721,0.764868,0.640067,0.750059,0.664432,0.644112,0.468486,0.500093,0.512643,0.682053,0.690975,0.655094,0.701228,0.551473,0.684213,0.621458,0.622207,0.754927,0.667442,-0.127876,-0.102396,-0.025047,0.052025,0.26333,0.055837,0.122593,0.685741,0.685267,0.526509,0.196186,0.303692,-0.10281,0.109058,-0.165283,0.389853,0.244194,0.042623,0.177284,0.245775,0.247407,0.234821,0.278646,0.164991,0.05303,0.202746,0.173513,0.045321,0.006267,0.105192,0.220788
XLI,0.51932,0.526096,0.506303,0.426088,0.476832,0.371095,0.346392,0.735678,0.548572,0.637306,0.429291,0.422787,0.496651,0.441595,0.344919,0.591723,0.706354,0.589103,0.412035,0.583465,0.467043,0.460578,0.451507,0.514764,0.517535,0.639055,0.516211,0.495138,0.548373,0.756226,0.735902,0.738017,0.730965,0.519572,0.68046,0.680804,0.627685,0.507457,0.442731,0.341038,0.379109,0.8845,0.731566,0.850866,0.644815,0.853489,0.732847,0.686878,0.621794,0.771122,1.0,0.861777,0.522761,0.922956,0.771965,0.909179,0.907932,0.926612,0.779924,0.824299,0.764676,0.858038,0.668455,0.514621,0.692361,0.683247,0.798644,0.674351,0.665596,0.536027,0.464654,0.53238,0.735538,0.767759,0.749658,0.732316,0.583366,0.742374,0.679405,0.610077,0.806573,0.672364,-0.229366,-0.193605,-0.093265,-0.014045,0.202054,-0.027655,0.050268,0.692137,0.68878,0.494904,0.180124,0.349612,-0.090078,0.102805,-0.205378,0.401622,0.245223,0.051869,0.184328,0.266722,0.273681,0.245586,0.311392,0.257823,0.052859,0.288839,0.196882,0.069662,0.029121,0.134884,0.301699
XLB,0.499207,0.501553,0.469672,0.398341,0.436915,0.355945,0.34094,0.674255,0.560552,0.608426,0.406754,0.422377,0.490654,0.4303,0.323119,0.55505,0.661303,0.595729,0.412888,0.529808,0.434879,0.413658,0.454123,0.489691,0.497484,0.611818,0.521387,0.480705,0.418812,0.68314,0.676287,0.684318,0.6684,0.479165,0.62234,0.621362,0.593242,0.49212,0.407793,0.354144,0.387305,0.830121,0.681677,0.805409,0.654166,0.79463,0.672655,0.669331,0.614865,0.725272,0.861777,1.0,0.497239,0.874695,0.72069,0.86391,0.852605,0.88581,0.721664,0.782617,0.731308,0.829386,0.619063,0.500551,0.662959,0.662396,0.800173,0.6879,0.643804,0.557351,0.505824,0.553153,0.746127,0.79889,0.767997,0.733445,0.567314,0.746922,0.689269,0.592411,0.806855,0.693802,-0.193466,-0.149808,-0.049618,0.030752,0.207365,0.004348,0.074922,0.685427,0.681193,0.506316,0.168938,0.319202,-0.175451,0.176034,-0.142093,0.471037,0.305293,0.165495,0.29011,0.34781,0.320332,0.301671,0.390509,0.285871,0.068525,0.307866,0.232107,0.095595,0.048007,0.164958,0.362843
XLU,0.290534,0.318289,0.266041,0.19475,0.188633,0.173683,0.135807,0.358778,0.334649,0.387972,0.327417,0.539783,0.573336,0.465759,0.356653,0.326359,0.314627,0.355428,0.354769,0.334657,0.249999,0.255674,0.579367,0.453347,0.305747,0.439652,0.342122,0.41386,0.409514,0.296736,0.324078,0.335936,0.321696,0.343593,0.38321,0.353966,0.314157,0.229303,0.36982,0.441473,0.349286,0.537521,0.390756,0.444822,0.348173,0.466688,0.387965,0.520972,0.665876,0.412795,0.522761,0.497239,1.0,0.620598,0.429701,0.643381,0.621192,0.608367,0.437179,0.719109,0.805939,0.726285,0.278506,0.242115,0.334839,0.707107,0.472058,0.364822,0.377858,0.354524,0.220317,0.287888,0.489009,0.46634,0.474102,0.404299,0.317151,0.431334,0.380875,0.304194,0.474364,0.370154,0.050533,0.106722,0.13181,0.160955,0.316136,0.212804,0.247333,0.509414,0.503202,0.40871,0.324706,0.271676,-0.115206,0.107468,0.03041,0.26551,0.173119,0.164935,0.172104,0.198151,0.167291,0.091918,0.111229,0.091828,0.052938,0.166862,0.082225,0.014756,0.018069,0.038151,0.140699
VTV,0.54536,0.57679,0.522058,0.432058,0.453481,0.375368,0.339336,0.796394,0.632855,0.684667,0.517884,0.538431,0.595206,0.567971,0.422802,0.615612,0.773293,0.667921,0.522753,0.627634,0.490931,0.476749,0.576993,0.566806,0.525982,0.659159,0.564387,0.581532,0.52347,0.679783,0.768459,0.780167,0.776997,0.575768,0.654593,0.742708,0.6294,0.51469,0.502599,0.463973,0.492539,0.923738,0.749952,0.85391,0.713879,0.920186,0.742853,0.804174,0.750075,0.777192,0.922956,0.874695,0.620598,1.0,0.782271,0.988649,0.955277,0.990188,0.792026,0.913424,0.866498,0.937097,0.643895,0.545846,0.697099,0.748074,0.828523,0.689603,0.682042,0.570196,0.488567,0.555843,0.775691,0.799972,0.799041,0.748215,0.570047,0.7668,0.710677,0.602703,0.83229,0.69681,-0.248316,-0.206917,-0.094567,-0.016934,0.205007,-0.030575,0.058875,0.731712,0.728529,0.507356,0.191557,0.38056,-0.083088,0.10055,-0.214579,0.412842,0.25287,0.053912,0.184362,0.278174,0.274294,0.244388,0.311774,0.302327,0.070654,0.33871,0.200796,0.068314,0.028108,0.129902,0.34446
VUG,0.721501,0.770586,0.734268,0.697295,0.711321,0.599117,0.524718,0.574395,0.363954,0.671449,0.390455,0.375713,0.384325,0.350047,0.356347,0.573606,0.555496,0.422521,0.360505,0.589997,0.536226,0.54683,0.409711,0.457905,0.53506,0.620741,0.579276,0.506455,0.341193,0.53212,0.637329,0.639925,0.595918,0.451341,0.506979,0.520311,0.671895,0.619569,0.536722,0.245875,0.325939,0.956898,0.976719,0.802735,0.463964,0.709203,0.954435,0.684968,0.557011,0.898897,0.771965,0.72069,0.429701,0.782271,1.0,0.777027,0.864095,0.807107,0.993969,0.802077,0.665002,0.658169,0.835857,0.624871,0.662836,0.626162,0.777133,0.71669,0.671544,0.483854,0.523067,0.527568,0.707076,0.713269,0.665294,0.717222,0.613065,0.694294,0.633145,0.68751,0.785447,0.712264,-0.143502,-0.115845,-0.039409,0.040966,0.260273,0.044372,0.114006,0.710364,0.707185,0.53164,0.188338,0.310501,-0.095683,0.108673,-0.174652,0.401998,0.239976,0.079505,0.216784,0.262508,0.248754,0.232234,0.288231,0.203594,0.054924,0.236547,0.180144,0.043638,0.007812,0.099118,0.257387
VYM,0.548033,0.574962,0.519005,0.427978,0.449948,0.370988,0.334537,0.778424,0.64335,0.670073,0.485963,0.554655,0.608751,0.574371,0.434625,0.604882,0.747279,0.672825,0.522877,0.635825,0.492479,0.477464,0.593594,0.569069,0.522301,0.655026,0.548927,0.568482,0.522138,0.675927,0.748257,0.75613,0.755327,0.583112,0.658276,0.735403,0.634395,0.520405,0.505912,0.481106,0.487799,0.917243,0.746358,0.843945,0.714861,0.898404,0.742001,0.786067,0.766699,0.767661,0.909179,0.86391,0.643381,0.988649,0.777027,1.0,0.95486,0.97934,0.787663,0.913543,0.8686,0.945326,0.644658,0.527966,0.689376,0.744462,0.817335,0.682425,0.675645,0.567519,0.481934,0.551187,0.773401,0.792656,0.789339,0.73475,0.562274,0.753281,0.696735,0.601654,0.821212,0.690724,-0.233107,-0.191144,-0.086696,-0.006413,0.210459,-0.017658,0.068695,0.722542,0.719439,0.506988,0.197307,0.373519,-0.084987,0.099236,-0.199467,0.41334,0.247811,0.060704,0.185528,0.276852,0.269435,0.24134,0.306363,0.302645,0.073258,0.3432,0.199377,0.067583,0.029726,0.131507,0.346457
VIG,0.610201,0.659174,0.584079,0.504285,0.525136,0.429209,0.376188,0.708161,0.520759,0.721053,0.506662,0.57421,0.601347,0.571374,0.474528,0.608051,0.675336,0.564901,0.494149,0.641668,0.494226,0.514304,0.609093,0.598335,0.572462,0.705187,0.610091,0.620121,0.520323,0.633617,0.704564,0.713316,0.687757,0.564027,0.653056,0.653528,0.662984,0.552122,0.591563,0.427534,0.473341,0.953923,0.826569,0.835931,0.594949,0.85396,0.819303,0.815897,0.78236,0.8286,0.907932,0.852605,0.621192,0.955277,0.864095,0.95486,1.0,0.950419,0.872746,0.946324,0.88006,0.876563,0.698706,0.557,0.699656,0.747706,0.820341,0.688987,0.684629,0.532781,0.490103,0.547194,0.763169,0.767784,0.761252,0.744255,0.571781,0.749699,0.685041,0.623052,0.822164,0.696053,-0.197367,-0.156387,-0.054304,0.004487,0.232999,0.010519,0.094592,0.727532,0.723717,0.521002,0.200501,0.34805,-0.087311,0.105009,-0.192333,0.403963,0.244634,0.066554,0.189232,0.265896,0.258594,0.234614,0.289995,0.23391,0.060666,0.279209,0.179099,0.049715,0.012425,0.110287,0.279934
IWD,0.55589,0.579941,0.544168,0.455992,0.470738,0.401464,0.366302,0.796217,0.628078,0.687421,0.493892,0.509435,0.571713,0.53038,0.402231,0.637735,0.778336,0.669691,0.496825,0.617201,0.496631,0.469528,0.547019,0.563071,0.540094,0.663043,0.5678,0.567311,0.495537,0.677401,0.775447,0.787679,0.786803,0.566689,0.646854,0.746172,0.639508,0.530593,0.489146,0.440783,0.462681,0.93461,0.766997,0.884365,0.720635,0.924212,0.755702,0.783604,0.722663,0.806274,0.926612,0.88581,0.608367,0.990188,0.807107,0.97934,0.950419,1.0,0.808663,0.905567,0.849811,0.935822,0.665003,0.565129,0.724213,0.766358,0.843894,0.708614,0.693705,0.581571,0.507775,0.56751,0.789084,0.821832,0.809498,0.766308,0.586389,0.781615,0.723006,0.620556,0.848867,0.715529,-0.233109,-0.192304,-0.082963,0.005054,0.224544,-0.013417,0.074012,0.754566,0.751722,0.539046,0.202202,0.38941,-0.100564,0.114222,-0.205554,0.432028,0.271146,0.063955,0.201442,0.292709,0.286593,0.253017,0.32301,0.309229,0.076202,0.344142,0.207792,0.068052,0.031622,0.12981,0.354626
IWF,0.71798,0.776693,0.725449,0.688196,0.71165,0.586668,0.521125,0.578019,0.365178,0.671252,0.405366,0.383207,0.391281,0.363656,0.362238,0.563862,0.557158,0.423335,0.371338,0.599183,0.541091,0.559456,0.419844,0.460098,0.530799,0.623009,0.582298,0.511854,0.35355,0.542972,0.641508,0.642493,0.597243,0.459907,0.51552,0.524135,0.673318,0.619561,0.540387,0.249167,0.339187,0.960624,0.977595,0.803388,0.462579,0.712021,0.95943,0.696071,0.564747,0.894571,0.779924,0.721664,0.437179,0.792026,0.993969,0.787663,0.872746,0.808663,1.0,0.810019,0.674846,0.663898,0.838966,0.626216,0.661219,0.62205,0.775351,0.716887,0.671584,0.48577,0.516937,0.525872,0.708768,0.711987,0.663666,0.712891,0.615828,0.690712,0.629561,0.690441,0.784248,0.711504,-0.147731,-0.120924,-0.044763,0.030921,0.257279,0.038938,0.109887,0.706417,0.702926,0.524512,0.191044,0.313783,-0.088927,0.101583,-0.180761,0.398003,0.234203,0.076254,0.213061,0.259963,0.246992,0.233328,0.287421,0.196972,0.050913,0.231542,0.176307,0.039805,0.002234,0.099519,0.250366
USMV,0.566669,0.627928,0.540941,0.455485,0.449279,0.400586,0.329777,0.631032,0.49475,0.711145,0.522431,0.619766,0.663266,0.606231,0.476439,0.569116,0.588599,0.540346,0.523961,0.596455,0.428418,0.457463,0.673063,0.633359,0.523996,0.675421,0.596495,0.63944,0.529719,0.507754,0.608435,0.620155,0.605376,0.553954,0.588688,0.583274,0.576355,0.469529,0.585537,0.493464,0.512735,0.894167,0.759062,0.761452,0.551253,0.793673,0.743312,0.836304,0.829939,0.761274,0.824299,0.782617,0.719109,0.913424,0.802077,0.913543,0.946324,0.905567,0.810019,1.0,0.944346,0.867531,0.586187,0.533147,0.630917,0.805694,0.759228,0.618859,0.622283,0.503242,0.438951,0.489817,0.719523,0.719244,0.720682,0.687222,0.498299,0.694173,0.62383,0.540869,0.758813,0.632292,-0.127829,-0.080031,0.001905,0.062368,0.289561,0.085152,0.161568,0.717958,0.711818,0.529769,0.270707,0.366469,-0.094184,0.102753,-0.137995,0.382297,0.233905,0.096336,0.186523,0.250866,0.236789,0.196553,0.234645,0.203819,0.062461,0.260675,0.160981,0.047207,0.016118,0.090063,0.24632
SPLV,0.483371,0.517717,0.43672,0.35131,0.332143,0.306741,0.252387,0.590293,0.471701,0.638307,0.493802,0.66686,0.696662,0.630104,0.475835,0.501182,0.547377,0.513894,0.501372,0.519681,0.346331,0.358401,0.724223,0.640165,0.469267,0.64141,0.537619,0.620382,0.542384,0.44839,0.540494,0.559304,0.548663,0.493449,0.560586,0.552684,0.493596,0.371555,0.547666,0.518076,0.505599,0.788846,0.618963,0.669009,0.510092,0.744219,0.597698,0.782649,0.859921,0.651243,0.764676,0.731308,0.805939,0.866498,0.665002,0.8686,0.88006,0.849811,0.674846,0.944346,1.0,0.865277,0.448029,0.431071,0.55362,0.81562,0.684759,0.53326,0.547349,0.479957,0.36984,0.434074,0.664684,0.650053,0.673943,0.613734,0.410511,0.633362,0.567568,0.439377,0.680421,0.553407,-0.10885,-0.0633,0.009537,0.063139,0.274394,0.088744,0.160792,0.662146,0.657969,0.488341,0.283034,0.372297,-0.068752,0.081352,-0.121544,0.329601,0.206422,0.085384,0.152193,0.218183,0.200507,0.157222,0.187119,0.180501,0.062477,0.243453,0.135698,0.038878,0.016119,0.076263,0.213475
DVY,0.470076,0.463954,0.431291,0.333459,0.340069,0.303979,0.284003,0.726778,0.64706,0.614261,0.444296,0.523445,0.613101,0.525849,0.384218,0.582601,0.712349,0.669961,0.472986,0.540321,0.400133,0.38422,0.574179,0.556268,0.498732,0.612435,0.468939,0.506543,0.501414,0.62322,0.689507,0.695458,0.714934,0.550961,0.625119,0.718998,0.533496,0.429314,0.438687,0.489203,0.439534,0.820077,0.611343,0.813346,0.719095,0.862174,0.605354,0.702927,0.743519,0.695493,0.858038,0.829386,0.726285,0.937097,0.658169,0.945326,0.876563,0.935822,0.663898,0.867531,0.865277,1.0,0.510127,0.457982,0.681591,0.781367,0.750566,0.596248,0.606756,0.54647,0.417157,0.493961,0.725177,0.754678,0.752508,0.67613,0.483672,0.702052,0.640972,0.505889,0.752858,0.609712,-0.184957,-0.140024,-0.048975,0.036211,0.229588,0.022862,0.099951,0.693743,0.691729,0.4979,0.227262,0.372446,-0.104472,0.112724,-0.148628,0.393489,0.252499,0.064262,0.172919,0.266945,0.253391,0.221627,0.277285,0.291235,0.075466,0.33768,0.18894,0.067902,0.040895,0.120312,0.333456
SMH,0.564386,0.599465,0.562056,0.523803,0.781496,0.457106,0.449823,0.473976,0.296907,0.488883,0.26962,0.212776,0.21511,0.194282,0.220846,0.432243,0.46015,0.347401,0.240273,0.531702,0.661938,0.482555,0.242102,0.288905,0.399415,0.473854,0.454537,0.34003,0.215633,0.538108,0.559107,0.557127,0.5139,0.366386,0.429005,0.423652,0.780161,0.706177,0.383929,0.113361,0.201822,0.800214,0.866567,0.709249,0.39382,0.557708,0.891916,0.488093,0.349135,0.716285,0.668455,0.619063,0.278506,0.643895,0.835857,0.644658,0.698706,0.665003,0.838966,0.586187,0.448029,0.510127,1.0,0.519255,0.543731,0.439447,0.689348,0.702335,0.620912,0.418299,0.494587,0.492131,0.608062,0.597432,0.565186,0.634668,0.655142,0.603761,0.54976,0.736723,0.705825,0.674192,-0.131314,-0.120681,-0.05347,0.011072,0.205955,0.015454,0.070502,0.574346,0.570516,0.435053,0.143833,0.260158,-0.09835,0.109878,-0.160734,0.370687,0.216535,0.097803,0.221554,0.259039,0.238363,0.235516,0.287941,0.164008,0.037895,0.185424,0.152521,0.031494,-0.016556,0.095234,0.226885
XBI,0.423905,0.41771,0.426193,0.420302,0.420164,0.372022,0.378014,0.389445,0.250397,0.430671,0.306907,0.20461,0.194322,0.315236,0.200558,0.374045,0.406508,0.278684,0.373965,0.365554,0.347996,0.296293,0.221286,0.280632,0.343126,0.41618,0.477484,0.424482,0.239224,0.370189,0.439317,0.456255,0.422316,0.285961,0.345755,0.358209,0.437179,0.380571,0.284919,0.154064,0.351545,0.614248,0.624494,0.711844,0.336657,0.485469,0.561635,0.643622,0.333207,0.583721,0.514621,0.500551,0.242115,0.545846,0.624871,0.527966,0.557,0.565129,0.626216,0.533147,0.431071,0.457982,0.519255,1.0,0.54048,0.437859,0.537485,0.483966,0.45826,0.314867,0.386708,0.377515,0.476719,0.485544,0.470275,0.484935,0.387327,0.477419,0.43795,0.433604,0.540787,0.485891,-0.077374,-0.05525,0.009571,0.038485,0.183375,0.047789,0.099912,0.496214,0.489441,0.365166,0.123406,0.180923,-0.070107,0.073426,-0.110612,0.277819,0.171127,0.063474,0.148935,0.188103,0.165331,0.156688,0.196145,0.116361,0.019031,0.135157,0.093928,0.027944,0.006725,0.074933,0.1496
XRT,0.457637,0.435512,0.435019,0.430809,0.418731,0.36068,0.375975,0.536001,0.380162,0.480169,0.313206,0.276321,0.323946,0.280208,0.350041,0.520423,0.553518,0.4176,0.295765,0.455886,0.364393,0.352469,0.323263,0.39195,0.531259,0.632994,0.406799,0.37671,0.270624,0.487892,0.574367,0.571471,0.579312,0.39846,0.502906,0.535914,0.484362,0.435335,0.435697,0.257225,0.250498,0.710572,0.628528,0.806858,0.47066,0.655771,0.593892,0.527681,0.500029,0.764868,0.692361,0.662959,0.334839,0.697099,0.662836,0.689376,0.699656,0.724213,0.661219,0.630917,0.55362,0.681591,0.543731,0.54048,1.0,0.571592,0.620754,0.526799,0.519519,0.401621,0.398654,0.414883,0.570475,0.604793,0.560201,0.58565,0.432742,0.576299,0.528158,0.47822,0.624027,0.53025,-0.141327,-0.115922,-0.029574,0.014746,0.196458,0.018289,0.083178,0.581367,0.58098,0.41941,0.157681,0.261613,-0.075801,0.086596,-0.152871,0.321958,0.197299,0.019526,0.132406,0.206153,0.199432,0.189742,0.219594,0.160991,0.035125,0.199261,0.156027,0.045955,0.034261,0.095024,0.208438
IYR,0.430171,0.443393,0.400691,0.337906,0.320371,0.308515,0.287101,0.509367,0.392734,0.547804,0.379907,0.483969,0.560299,0.439439,0.338215,0.484563,0.496461,0.440809,0.396204,0.421523,0.321236,0.323468,0.545102,0.525901,0.440265,0.596047,0.448368,0.478102,0.395982,0.406556,0.499141,0.505288,0.51652,0.416892,0.475093,0.493783,0.43463,0.359037,0.422465,0.411531,0.373245,0.709926,0.566436,0.694417,0.463279,0.65655,0.54967,0.627172,0.669124,0.640067,0.683247,0.662396,0.707107,0.748074,0.626162,0.744462,0.747706,0.766358,0.62205,0.805694,0.81562,0.781367,0.439447,0.437859,0.571592,1.0,0.646752,0.526937,0.516068,0.461704,0.367316,0.419716,0.641809,0.634584,0.621603,0.580544,0.42814,0.599392,0.525157,0.45439,0.648981,0.540577,0.039027,0.093663,0.129804,0.205961,0.392885,0.240118,0.289333,0.68244,0.680697,0.577148,0.365933,0.338875,-0.142812,0.142544,-0.017703,0.38159,0.25576,0.129181,0.203283,0.247317,0.221358,0.169477,0.197585,0.158908,0.05797,0.217081,0.154509,0.035451,0.026421,0.071147,0.202512
EFA,0.530206,0.558921,0.538501,0.466211,0.490726,0.40036,0.370294,0.647775,0.479029,0.610711,0.376174,0.412277,0.470003,0.409696,0.307787,0.545554,0.625494,0.531062,0.408037,0.53259,0.473191,0.449929,0.440222,0.479104,0.484096,0.577569,0.519286,0.481497,0.379197,0.603313,0.679772,0.685604,0.675553,0.473982,0.557921,0.593611,0.588412,0.526208,0.406093,0.312906,0.374286,0.844331,0.751862,0.781518,0.57882,0.760892,0.736847,0.664927,0.591874,0.750059,0.798644,0.800173,0.472058,0.828523,0.777133,0.817335,0.820341,0.843894,0.775351,0.759228,0.684759,0.750566,0.689348,0.537485,0.620754,0.646752,1.0,0.823747,0.838907,0.605798,0.620763,0.663776,0.851317,0.81673,0.922806,0.928722,0.697778,0.939092,0.872894,0.724464,0.993997,0.822312,-0.165621,-0.111858,-0.002552,0.068089,0.266759,0.061713,0.13601,0.719941,0.716635,0.596138,0.224042,0.355946,-0.333494,0.338911,-0.080278,0.574857,0.449253,0.174858,0.30723,0.372602,0.345276,0.319766,0.389761,0.252607,0.052856,0.276777,0.235278,0.06392,0.018167,0.159609,0.333853
EEM,0.484854,0.513772,0.50216,0.445601,0.48821,0.375865,0.369199,0.522379,0.406465,0.502846,0.31052,0.305353,0.340953,0.302817,0.23884,0.437854,0.503255,0.457372,0.305661,0.478228,0.486782,0.420206,0.322165,0.355997,0.413353,0.4617,0.447204,0.376655,0.271539,0.561497,0.576782,0.576963,0.562259,0.3831,0.450743,0.4583,0.579285,0.517623,0.323758,0.228548,0.277819,0.744245,0.718528,0.683925,0.503446,0.606549,0.710733,0.526088,0.44745,0.664432,0.674351,0.6879,0.364822,0.689603,0.71669,0.682425,0.688987,0.708614,0.716887,0.618859,0.53326,0.596248,0.702335,0.483966,0.526799,0.526937,0.823747,1.0,0.691809,0.688954,0.814474,0.758345,0.761752,0.726073,0.740224,0.740283,0.83444,0.742708,0.684969,0.844446,0.847592,0.984297,-0.130383,-0.089942,-0.000628,0.067972,0.231054,0.059122,0.119404,0.632141,0.627539,0.564774,0.217641,0.312957,-0.249904,0.249928,-0.071725,0.574436,0.343338,0.21414,0.339048,0.392847,0.359833,0.321756,0.420761,0.25273,0.043893,0.266744,0.232241,0.078149,0.023744,0.186111,0.343977
EWJ,0.447243,0.467986,0.471536,0.421191,0.44118,0.348146,0.321267,0.524555,0.375246,0.49337,0.302642,0.316459,0.355993,0.312521,0.278146,0.45646,0.508381,0.405467,0.317836,0.449927,0.43639,0.394078,0.340627,0.375766,0.401919,0.482183,0.421608,0.386539,0.323039,0.508643,0.575037,0.570997,0.561512,0.385038,0.472438,0.490957,0.511138,0.476757,0.3411,0.242186,0.288305,0.716408,0.660309,0.663022,0.453355,0.619426,0.649099,0.538057,0.46891,0.644112,0.665596,0.643804,0.377858,0.682042,0.671544,0.675645,0.684629,0.693705,0.671584,0.622283,0.547349,0.606756,0.620912,0.45826,0.519519,0.516068,0.838907,0.691809,1.0,0.478362,0.503456,0.540392,0.670369,0.638654,0.683731,0.693384,0.623882,0.688562,0.64188,0.64914,0.842528,0.67827,-0.119147,-0.078189,0.006196,0.05003,0.210305,0.05436,0.114614,0.567252,0.567533,0.468606,0.160407,0.256815,-0.174783,0.164101,-0.09147,0.440479,0.286269,0.132369,0.236328,0.282094,0.268948,0.250611,0.300659,0.161835,0.039415,0.194491,0.168991,0.037289,0.002358,0.112925,0.243097
EWZ,0.333158,0.36434,0.338232,0.271244,0.283748,0.238801,0.246163,0.456507,0.423263,0.397157,0.261058,0.287054,0.347188,0.26424,0.18973,0.339343,0.445969,0.463661,0.24595,0.344287,0.300793,0.286218,0.314168,0.328004,0.28763,0.332247,0.299765,0.279592,0.288791,0.432487,0.465457,0.454908,0.478316,0.324836,0.344173,0.422314,0.376924,0.322535,0.240855,0.238046,0.237602,0.547517,0.46357,0.523831,0.500104,0.521259,0.457183,0.40182,0.410859,0.468486,0.536027,0.557351,0.354524,0.570196,0.483854,0.567519,0.532781,0.581571,0.48577,0.503242,0.479957,0.54647,0.418299,0.314867,0.401621,0.461704,0.605798,0.688954,0.478362,1.0,0.460084,0.473901,0.61288,0.613215,0.585431,0.533633,0.504066,0.55882,0.530017,0.50649,0.616866,0.708137,-0.10827,-0.073642,-0.013988,0.08683,0.196319,0.0513,0.118226,0.5128,0.511326,0.480433,0.200883,0.332935,-0.182811,0.189792,-0.034603,0.437911,0.248771,0.152668,0.255242,0.301047,0.26163,0.242785,0.32084,0.285849,0.058665,0.298709,0.273477,0.137121,0.093208,0.221182,0.357061
FXI,0.371952,0.37969,0.384512,0.345038,0.359591,0.300536,0.273033,0.378806,0.305092,0.388515,0.228956,0.218405,0.23997,0.226617,0.184365,0.340061,0.368008,0.329062,0.249195,0.328304,0.326338,0.265409,0.223547,0.25461,0.346918,0.325971,0.348165,0.296311,0.177217,0.38219,0.405224,0.416716,0.402848,0.272906,0.325569,0.329229,0.413947,0.370525,0.233661,0.180934,0.196712,0.5335,0.523574,0.493999,0.365072,0.441713,0.495094,0.39795,0.322573,0.500093,0.464654,0.505824,0.220317,0.488567,0.523067,0.481934,0.490103,0.507775,0.516937,0.438951,0.36984,0.417157,0.494587,0.386708,0.398654,0.367316,0.620763,0.814474,0.503456,0.460084,1.0,0.807461,0.570629,0.524698,0.559632,0.552804,0.553314,0.557952,0.510135,0.593678,0.626555,0.836631,-0.122533,-0.103187,-0.028545,0.005152,0.141435,0.00557,0.049136,0.454027,0.451807,0.381871,0.120907,0.196662,-0.166643,0.165994,-0.091671,0.443402,0.250163,0.123166,0.226725,0.283088,0.282175,0.269501,0.36672,0.19672,0.044737,0.194798,0.162486,0.04531,0.008668,0.150495,0.270975
EWH,0.376808,0.373442,0.379492,0.340152,0.341964,0.284591,0.261537,0.41869,0.356612,0.412448,0.250519,0.264314,0.302294,0.272796,0.196887,0.357136,0.415157,0.381107,0.296387,0.366943,0.339896,0.299052,0.276185,0.294491,0.352221,0.372659,0.3632,0.324885,0.238368,0.434949,0.456224,0.466921,0.445698,0.318362,0.375226,0.374491,0.432761,0.37956,0.245882,0.207566,0.243746,0.568168,0.524078,0.524802,0.421549,0.493825,0.506334,0.442671,0.380881,0.512643,0.53238,0.553153,0.287888,0.555843,0.527568,0.551187,0.547194,0.56751,0.525872,0.489817,0.434074,0.493961,0.492131,0.377515,0.414883,0.419716,0.663776,0.758345,0.540392,0.473901,0.807461,1.0,0.61975,0.562208,0.607953,0.57738,0.573615,0.591907,0.543468,0.599505,0.670295,0.771017,-0.150874,-0.120479,-0.033252,0.010999,0.148443,0.002686,0.053603,0.478379,0.478313,0.407603,0.161472,0.244549,-0.139158,0.139247,-0.101928,0.435232,0.242124,0.128198,0.24217,0.301719,0.295293,0.270537,0.367609,0.208016,0.030802,0.232117,0.171048,0.060211,0.008933,0.164826,0.283144
EWA,0.499674,0.523668,0.485014,0.422638,0.437942,0.362968,0.341424,0.601743,0.494011,0.556559,0.363309,0.390017,0.44855,0.394496,0.30315,0.51213,0.574896,0.550681,0.360354,0.494611,0.424754,0.41805,0.431743,0.469303,0.426851,0.531358,0.444332,0.434054,0.367152,0.565414,0.614354,0.616962,0.621259,0.444006,0.497028,0.550246,0.532117,0.477887,0.388388,0.304719,0.333618,0.777241,0.679527,0.723404,0.590897,0.703713,0.673961,0.60392,0.562733,0.682053,0.735538,0.746127,0.489009,0.775691,0.707076,0.773401,0.763169,0.789084,0.708768,0.719523,0.664684,0.725177,0.608062,0.476719,0.570475,0.641809,0.851317,0.761752,0.670369,0.61288,0.570629,0.61975,1.0,0.808753,0.807968,0.747015,0.644548,0.758091,0.694395,0.664466,0.859599,0.763916,-0.133135,-0.074653,0.026597,0.095561,0.280343,0.08826,0.165595,0.691365,0.689603,0.575594,0.260538,0.409978,-0.264903,0.255953,-0.032156,0.663901,0.382187,0.211999,0.32272,0.383034,0.357556,0.31495,0.406692,0.300533,0.06922,0.321277,0.251351,0.093852,0.050971,0.176476,0.380828
EWC,0.492557,0.505882,0.475945,0.411904,0.437782,0.364614,0.362467,0.630478,0.578318,0.567604,0.364278,0.349218,0.417411,0.356306,0.264584,0.533752,0.617597,0.641696,0.341246,0.500162,0.406585,0.424043,0.374275,0.462152,0.44063,0.518066,0.446136,0.424691,0.36819,0.616971,0.648128,0.654144,0.657025,0.460507,0.507322,0.576933,0.512549,0.469612,0.353235,0.296585,0.308239,0.79225,0.671484,0.766147,0.710442,0.735816,0.667835,0.585912,0.525389,0.690975,0.767759,0.79889,0.46634,0.799972,0.713269,0.792656,0.767784,0.821832,0.711987,0.719244,0.650053,0.754678,0.597432,0.485544,0.604793,0.634584,0.81673,0.726073,0.638654,0.613215,0.524698,0.562208,0.808753,1.0,0.801941,0.738612,0.593201,0.749355,0.702262,0.625982,0.835976,0.733261,-0.157155,-0.095802,-0.004275,0.124871,0.261788,0.066267,0.147585,0.698216,0.697053,0.571281,0.217665,0.380891,-0.271117,0.253946,-0.060452,0.564902,0.376697,0.251787,0.36963,0.423303,0.381868,0.321157,0.422276,0.417345,0.092064,0.425253,0.280184,0.125905,0.083216,0.192259,0.494997
EWU,0.460484,0.478218,0.454662,0.363178,0.390551,0.32535,0.316171,0.635126,0.541611,0.578656,0.371728,0.406153,0.486963,0.426657,0.275662,0.501491,0.610524,0.591711,0.40293,0.480287,0.391295,0.378116,0.437544,0.479994,0.432341,0.523995,0.458381,0.456797,0.387345,0.571727,0.634678,0.642096,0.648095,0.468138,0.519562,0.584242,0.500989,0.438837,0.347734,0.329933,0.38149,0.762162,0.632681,0.715524,0.631777,0.737653,0.619095,0.635029,0.580259,0.655094,0.749658,0.767997,0.474102,0.799041,0.665294,0.789339,0.761252,0.809498,0.663666,0.720682,0.673943,0.752508,0.565186,0.470275,0.560201,0.621603,0.922806,0.740224,0.683731,0.585431,0.559632,0.607953,0.807968,0.801941,1.0,0.845495,0.602274,0.869718,0.804625,0.62463,0.915163,0.748199,-0.190526,-0.137585,-0.027914,0.057584,0.223096,0.028142,0.0877,0.679985,0.675936,0.547164,0.204904,0.345851,-0.321633,0.303972,-0.077126,0.542506,0.522096,0.16655,0.298821,0.370546,0.342576,0.316721,0.38365,0.311866,0.062631,0.32865,0.23833,0.074635,0.032835,0.168247,0.379443
EWG,0.491026,0.530583,0.504986,0.439909,0.462089,0.376471,0.344863,0.598635,0.403353,0.570093,0.329936,0.36349,0.427515,0.361323,0.26226,0.509577,0.581034,0.459065,0.3601,0.493575,0.42788,0.415548,0.387969,0.45069,0.455751,0.54041,0.47736,0.433804,0.323542,0.542494,0.624429,0.634495,0.625386,0.44333,0.52055,0.550196,0.543745,0.476599,0.371859,0.270708,0.326781,0.771462,0.693165,0.719173,0.497578,0.704797,0.678235,0.594693,0.528699,0.701228,0.732316,0.733445,0.404299,0.748215,0.717222,0.73475,0.744255,0.766308,0.712891,0.687222,0.613734,0.67613,0.634668,0.484935,0.58565,0.580544,0.928722,0.740283,0.693384,0.533633,0.552804,0.57738,0.747015,0.738612,0.845495,1.0,0.626239,0.933738,0.867587,0.650795,0.919197,0.740221,-0.155667,-0.109811,-0.011218,0.056694,0.261949,0.058445,0.121843,0.667079,0.663708,0.559611,0.209454,0.336118,-0.369902,0.390662,-0.070937,0.512289,0.432271,0.149327,0.27784,0.34367,0.303397,0.285582,0.341917,0.197664,0.03597,0.21223,0.216979,0.054943,0.00799,0.151145,0.268868
EWY,0.393657,0.408905,0.422392,0.355168,0.430405,0.303329,0.302015,0.410551,0.295941,0.377734,0.247794,0.219159,0.251691,0.21385,0.175413,0.339791,0.392297,0.350426,0.229941,0.412141,0.482487,0.39789,0.227917,0.269981,0.328871,0.388387,0.360621,0.283904,0.209955,0.50655,0.492306,0.485944,0.456173,0.304587,0.380281,0.359957,0.512201,0.467878,0.248112,0.145391,0.213063,0.630667,0.62597,0.578741,0.381783,0.477029,0.644558,0.412535,0.333119,0.551473,0.583366,0.567314,0.317151,0.570047,0.613065,0.562274,0.571781,0.586389,0.615828,0.498299,0.410511,0.483672,0.655142,0.387327,0.432742,0.42814,0.697778,0.83444,0.623882,0.504066,0.553314,0.573615,0.644548,0.593201,0.602274,0.626239,1.0,0.619715,0.562598,0.783574,0.745088,0.747858,-0.07643,-0.033148,0.050775,0.080471,0.232625,0.091166,0.133207,0.527984,0.525655,0.467074,0.218609,0.272105,-0.258299,0.251829,0.003456,0.508154,0.316217,0.229496,0.330338,0.371086,0.322099,0.280177,0.35702,0.139336,0.025709,0.174853,0.200121,0.063374,0.025548,0.145969,0.243256
EWQ,0.473565,0.506271,0.48809,0.412262,0.423787,0.356263,0.318518,0.620357,0.441868,0.573626,0.348944,0.386794,0.456851,0.376514,0.263522,0.509687,0.596086,0.498036,0.383304,0.484672,0.40516,0.410554,0.412675,0.45001,0.456647,0.535981,0.478804,0.43719,0.343776,0.549454,0.627292,0.64284,0.636324,0.437459,0.517385,0.566587,0.527668,0.457236,0.363532,0.293871,0.351386,0.765912,0.664335,0.716517,0.537389,0.719399,0.650467,0.607526,0.551993,0.684213,0.742374,0.746922,0.431334,0.7668,0.694294,0.753281,0.749699,0.781615,0.690712,0.694173,0.633362,0.702052,0.603761,0.477419,0.576299,0.599392,0.939092,0.742708,0.688562,0.55882,0.557952,0.591907,0.758091,0.749355,0.869718,0.933738,0.619715,1.0,0.896025,0.638343,0.92711,0.746046,-0.170686,-0.121716,-0.01689,0.058357,0.252307,0.046577,0.118731,0.671903,0.667438,0.561833,0.213552,0.343605,-0.370372,0.402604,-0.087255,0.513318,0.428455,0.137389,0.264283,0.337022,0.303811,0.292067,0.347746,0.226406,0.048438,0.248912,0.219207,0.055364,0.012281,0.148928,0.296569
EWI,0.425245,0.459389,0.442256,0.37101,0.395078,0.317528,0.295341,0.591362,0.424805,0.520406,0.307748,0.343349,0.397168,0.336842,0.25465,0.464516,0.580795,0.464701,0.335408,0.456715,0.377315,0.382519,0.362536,0.389858,0.391761,0.472487,0.439105,0.394545,0.323789,0.522802,0.603552,0.620099,0.612858,0.410959,0.473841,0.539091,0.481836,0.419269,0.330851,0.275789,0.314719,0.704483,0.606117,0.660617,0.516454,0.677106,0.591907,0.545486,0.49807,0.621458,0.679405,0.689269,0.380875,0.710677,0.633145,0.696735,0.685041,0.723006,0.629561,0.62383,0.567568,0.640972,0.54976,0.43795,0.528158,0.525157,0.872894,0.684969,0.64188,0.530017,0.510135,0.543468,0.694395,0.702262,0.804625,0.867587,0.562598,0.896025,1.0,0.58354,0.862513,0.690047,-0.198638,-0.154897,-0.047581,0.025913,0.203455,0.001228,0.084009,0.608649,0.605389,0.484839,0.141653,0.306918,-0.320864,0.361583,-0.116035,0.466273,0.39569,0.122423,0.243572,0.308917,0.282215,0.276738,0.328636,0.242646,0.044945,0.252661,0.214467,0.052162,0.010815,0.146676,0.30364
EWT,0.47005,0.490322,0.478131,0.432273,0.51932,0.354394,0.364937,0.450705,0.319384,0.431184,0.263392,0.228895,0.249575,0.229034,0.212489,0.389614,0.426179,0.370425,0.248026,0.453693,0.487094,0.43175,0.245061,0.289285,0.36863,0.428588,0.398754,0.304166,0.214711,0.5154,0.520058,0.520084,0.493303,0.348738,0.397096,0.38721,0.557205,0.526671,0.304584,0.160875,0.215937,0.692214,0.696297,0.62451,0.41017,0.522809,0.707531,0.447694,0.358503,0.622207,0.610077,0.592411,0.304194,0.602703,0.68751,0.601654,0.623052,0.620556,0.690441,0.540869,0.439377,0.505889,0.736723,0.433604,0.47822,0.45439,0.724464,0.844446,0.64914,0.50649,0.593678,0.599505,0.664466,0.625982,0.62463,0.650795,0.783574,0.638343,0.58354,1.0,0.750073,0.818937,-0.090854,-0.065781,0.00201,0.072891,0.224837,0.066414,0.119956,0.544639,0.54261,0.482127,0.192975,0.2806,-0.206007,0.204579,-0.070915,0.49885,0.29558,0.177276,0.291702,0.339248,0.317543,0.282448,0.35667,0.177716,0.026891,0.191229,0.200004,0.057811,0.00597,0.144399,0.263281
VEA,0.529775,0.559844,0.543481,0.470073,0.497918,0.402744,0.377953,0.647311,0.486574,0.606897,0.375749,0.401277,0.46032,0.401323,0.302391,0.54431,0.625365,0.539463,0.400135,0.53876,0.489598,0.46066,0.427967,0.474795,0.482946,0.577218,0.516457,0.473688,0.377734,0.617686,0.686075,0.689189,0.678561,0.472293,0.557536,0.592194,0.597436,0.537789,0.39978,0.306614,0.365211,0.851175,0.762818,0.791723,0.590106,0.759557,0.751295,0.657616,0.581873,0.754927,0.806573,0.806855,0.474364,0.83229,0.785447,0.821212,0.822164,0.848867,0.784248,0.758813,0.680421,0.752858,0.705825,0.540787,0.624027,0.648981,0.993997,0.847592,0.842528,0.616866,0.626555,0.670295,0.859599,0.835976,0.915163,0.919197,0.745088,0.92711,0.862513,0.750073,1.0,0.837267,-0.160349,-0.104638,0.005051,0.078903,0.273839,0.069645,0.143648,0.725061,0.722269,0.604241,0.231341,0.363888,-0.334797,0.338007,-0.074757,0.590151,0.449763,0.195266,0.328254,0.392224,0.35897,0.327059,0.403703,0.262058,0.057322,0.287398,0.243819,0.071488,0.025084,0.167207,0.349439
VWO,0.492846,0.522594,0.502413,0.449084,0.477628,0.376691,0.36755,0.532594,0.423528,0.519723,0.321733,0.323535,0.362141,0.322925,0.250892,0.450159,0.513493,0.471908,0.320758,0.476127,0.458285,0.408787,0.342654,0.370406,0.421653,0.465871,0.453458,0.392078,0.286942,0.547334,0.572717,0.576976,0.567766,0.395686,0.453914,0.470212,0.564769,0.502532,0.336354,0.247473,0.289278,0.744307,0.707176,0.681776,0.518157,0.621124,0.691517,0.543467,0.470193,0.667442,0.672364,0.693802,0.370154,0.69681,0.712264,0.690724,0.696053,0.715529,0.711504,0.632292,0.553407,0.609712,0.674192,0.485891,0.53025,0.540577,0.822312,0.984297,0.67827,0.708137,0.836631,0.771017,0.763916,0.733261,0.748199,0.740221,0.747858,0.746046,0.690047,0.818937,0.837267,1.0,-0.143498,-0.103309,-0.014494,0.061208,0.226125,0.049839,0.112528,0.638062,0.633321,0.568785,0.211454,0.319326,-0.238714,0.24087,-0.087921,0.569786,0.33911,0.198738,0.324284,0.382982,0.353838,0.315962,0.417201,0.26994,0.046327,0.280602,0.234307,0.079113,0.022203,0.189739,0.354804
TLT,-0.118846,-0.12596,-0.099214,-0.067296,-0.087717,-0.073615,-0.05633,-0.320796,-0.25005,-0.167004,-0.130757,-0.049741,-0.094077,-0.116782,-0.066792,-0.131352,-0.337879,-0.214267,-0.082331,-0.17524,-0.099898,-0.100931,-0.052975,-0.079871,-0.091383,-0.043214,-0.090576,-0.116638,-0.160711,-0.230022,-0.241888,-0.274018,-0.283482,-0.153494,-0.144123,-0.299231,-0.147247,-0.089403,-0.084792,-0.050267,-0.079127,-0.196652,-0.143211,-0.169781,-0.258463,-0.30321,-0.149935,-0.151035,-0.100778,-0.127876,-0.229366,-0.193466,0.050533,-0.248316,-0.143502,-0.233107,-0.197367,-0.233109,-0.147731,-0.127829,-0.10885,-0.184957,-0.131314,-0.077374,-0.141327,0.039027,-0.165621,-0.130383,-0.119147,-0.10827,-0.122533,-0.150874,-0.133135,-0.157155,-0.190526,-0.155667,-0.07643,-0.170686,-0.198638,-0.090854,-0.160349,-0.143498,1.0,0.915007,0.580807,0.739776,0.706164,0.831311,0.803772,0.016057,0.012712,0.333744,0.474406,-0.016758,-0.190666,0.11552,0.408949,0.048411,0.061777,0.238234,0.107465,0.041105,-0.005481,-0.086245,-0.08497,-0.205432,-0.030425,-0.198089,-0.102054,-0.047493,-0.029652,-0.060146,-0.181804
IEF,-0.101402,-0.101137,-0.076165,-0.052359,-0.091437,-0.063776,-0.05578,-0.301042,-0.228167,-0.145999,-0.117577,-0.010924,-0.045819,-0.076603,-0.050381,-0.10958,-0.313309,-0.20278,-0.050851,-0.156907,-0.077354,-0.083936,-0.014829,-0.057766,-0.084745,-0.011556,-0.068927,-0.081136,-0.120412,-0.203873,-0.21778,-0.258167,-0.26005,-0.124047,-0.113291,-0.279323,-0.126336,-0.07685,-0.055117,-0.021595,-0.06325,-0.163109,-0.118407,-0.137795,-0.236892,-0.276631,-0.125929,-0.113436,-0.053673,-0.102396,-0.193605,-0.149808,0.106722,-0.206917,-0.115845,-0.191144,-0.156387,-0.192304,-0.120924,-0.080031,-0.0633,-0.140024,-0.120681,-0.05525,-0.115922,0.093663,-0.111858,-0.089942,-0.078189,-0.073642,-0.103187,-0.120479,-0.074653,-0.095802,-0.137585,-0.109811,-0.033148,-0.121716,-0.154897,-0.065781,-0.104638,-0.103309,0.915007,1.0,0.784236,0.790183,0.730062,0.940055,0.861309,0.089153,0.081217,0.378901,0.512702,-0.035956,-0.291987,0.204209,0.505721,0.12583,0.136532,0.314861,0.166383,0.096799,0.039811,-0.064037,-0.051666,-0.192894,-0.031371,-0.178125,-0.084258,-0.040487,-0.020686,-0.052664,-0.152882
SHY,-0.043361,-0.03825,-0.014312,-0.0103,-0.058449,-0.023974,-0.036965,-0.199123,-0.147514,-0.078469,-0.055531,0.046787,0.022123,0.004002,-0.012816,-0.050856,-0.20162,-0.130765,0.006059,-0.085148,-0.018803,-0.031289,0.05304,0.006969,-0.040367,0.053844,-0.019835,-0.014028,-0.055956,-0.121259,-0.125144,-0.162995,-0.168012,-0.053948,-0.041743,-0.19485,-0.041194,-0.01636,-0.001675,0.024054,-0.016013,-0.068104,-0.043892,-0.046883,-0.149891,-0.170001,-0.052359,-0.023622,0.023813,-0.025047,-0.093265,-0.049618,0.13181,-0.094567,-0.039409,-0.086696,-0.054304,-0.082963,-0.044763,0.001905,0.009537,-0.048975,-0.05347,0.009571,-0.029574,0.129804,-0.002552,-0.000628,0.006196,-0.013988,-0.028545,-0.033252,0.026597,-0.004275,-0.027914,-0.011218,0.050775,-0.01689,-0.047581,0.00201,0.005051,-0.014494,0.580807,0.784236,1.0,0.622588,0.547593,0.777526,0.718256,0.147293,0.1346,0.328772,0.417189,-0.053294,-0.329869,0.264926,0.471633,0.198845,0.20875,0.324943,0.204529,0.143298,0.094771,-0.007811,0.005218,-0.14161,-0.01331,-0.127526,-0.058142,-0.036245,-0.011729,-0.030484,-0.092918
TIP,0.005242,0.013232,0.029309,0.046526,0.003055,0.015807,0.044539,-0.113637,-0.01122,-0.014742,-0.045221,0.00913,0.021226,-0.027985,-0.009454,0.014255,-0.135706,0.035167,-0.002744,-0.04679,0.013771,0.008521,0.038473,0.052407,0.007686,0.089139,0.010493,-0.013075,-0.026257,-0.037746,-0.049326,-0.087044,-0.067502,-0.03227,-0.033352,-0.113057,-0.011278,0.026214,0.013203,0.026502,-0.009163,0.01714,0.026071,0.043621,0.032996,-0.074848,0.018128,-0.005879,0.026786,0.052025,-0.014045,0.030752,0.160955,-0.016934,0.040966,-0.006413,0.004487,0.005054,0.030921,0.062368,0.063139,0.036211,0.011072,0.038485,0.014746,0.205961,0.068089,0.067972,0.05003,0.08683,0.005152,0.010999,0.095561,0.124871,0.057584,0.056694,0.080471,0.058357,0.025913,0.072891,0.078903,0.061208,0.739776,0.790183,0.622588,1.0,0.682428,0.77895,0.747242,0.21656,0.211865,0.490693,0.463263,0.092117,-0.265548,0.200384,0.365227,0.220412,0.179948,0.330377,0.240171,0.189636,0.136933,0.021376,0.07643,0.056909,0.015753,0.066575,0.02532,0.017099,0.024566,0.027229,0.105597
LQD,0.174535,0.174879,0.176407,0.155119,0.157262,0.144074,0.129148,0.069609,0.024984,0.149445,0.079307,0.166169,0.202133,0.098547,0.089302,0.171521,0.033905,0.077252,0.140981,0.101551,0.159716,0.133737,0.205033,0.15416,0.152889,0.278584,0.160537,0.140218,0.087468,0.068095,0.129279,0.108473,0.103347,0.124867,0.120246,0.058368,0.138462,0.161367,0.124376,0.10408,0.091551,0.251293,0.237345,0.240921,0.068255,0.133744,0.23443,0.187471,0.214794,0.26333,0.202054,0.207365,0.316136,0.205007,0.260273,0.210459,0.232999,0.224544,0.257279,0.289561,0.274394,0.229588,0.205955,0.183375,0.196458,0.392885,0.266759,0.231054,0.210305,0.196319,0.141435,0.148443,0.280343,0.261788,0.223096,0.261949,0.232625,0.252307,0.203455,0.224837,0.273839,0.226125,0.706164,0.730062,0.547593,0.682428,1.0,0.864369,0.87464,0.499137,0.492833,0.64647,0.672866,0.33556,-0.269728,0.225261,0.316883,0.273413,0.212157,0.282449,0.219278,0.225355,0.165335,0.048851,0.069184,-0.034796,0.005781,0.003933,0.02936,0.008576,-0.000883,0.023599,0.028478
BIV,0.013077,0.01303,0.031509,0.040303,0.00565,0.024525,0.020898,-0.156853,-0.11988,-0.026933,-0.03884,0.076326,0.077177,0.008625,0.006249,0.006797,-0.175567,-0.088701,0.040192,-0.059768,0.027154,0.00415,0.091592,0.028228,0.014889,0.124849,0.027,0.019513,-0.025162,-0.094003,-0.073612,-0.112886,-0.113647,-0.017636,-0.009944,-0.145257,-0.012963,0.027368,0.024461,0.040656,0.001055,0.013132,0.032565,0.024399,-0.110262,-0.111585,0.024293,0.019661,0.073658,0.055837,-0.027655,0.004348,0.212804,-0.030575,0.044372,-0.017658,0.010519,-0.013417,0.038938,0.085152,0.088744,0.022862,0.015454,0.047789,0.018289,0.240118,0.061713,0.059122,0.05436,0.0513,0.00557,0.002686,0.08826,0.066267,0.028142,0.058445,0.091166,0.046577,0.001228,0.066414,0.069645,0.049839,0.831311,0.940055,0.777526,0.77895,0.864369,1.0,0.917584,0.288393,0.280399,0.527593,0.622725,0.123206,-0.330631,0.251936,0.476516,0.218004,0.202153,0.333828,0.215142,0.175089,0.113503,-0.009399,0.013809,-0.12489,-0.010859,-0.099475,-0.031683,-0.012965,-0.009672,-0.018001,-0.068198
BND,0.0678,0.07564,0.078016,0.074573,0.052098,0.05402,0.043039,-0.071298,-0.073992,0.035296,0.013436,0.145929,0.114511,0.050678,0.06206,0.077821,-0.094312,-0.033865,0.074012,0.013841,0.071953,0.070391,0.157521,0.095292,0.061673,0.179968,0.05825,0.057405,0.021744,-0.042862,0.011609,-0.017309,-0.026732,0.03208,0.039472,-0.068593,0.035487,0.076696,0.070647,0.080803,0.039811,0.095106,0.097758,0.093346,-0.044955,-0.015426,0.093432,0.083348,0.149188,0.122593,0.050268,0.074922,0.247333,0.058875,0.114006,0.068695,0.094592,0.074012,0.109887,0.161568,0.160792,0.099951,0.070502,0.099912,0.083178,0.289333,0.13601,0.119404,0.114614,0.118226,0.049136,0.053603,0.165595,0.147585,0.0877,0.121843,0.133207,0.118731,0.084009,0.119956,0.143648,0.112528,0.803772,0.861309,0.718256,0.747242,0.87464,0.917584,1.0,0.331922,0.325095,0.570351,0.663336,0.296988,-0.268956,0.216888,0.399879,0.216801,0.188469,0.302846,0.19513,0.180335,0.132709,0.012762,0.025974,-0.091174,-0.003715,-0.060821,-0.012757,-0.008035,-0.005527,-0.008582,-0.048858
HYG,0.495634,0.514484,0.489416,0.428726,0.439497,0.367765,0.346523,0.556247,0.41915,0.53688,0.343199,0.374153,0.439542,0.356011,0.262305,0.492191,0.548274,0.479984,0.346223,0.445539,0.388763,0.385649,0.415379,0.4256,0.443376,0.548011,0.460128,0.446438,0.34085,0.478979,0.563062,0.57339,0.584858,0.407004,0.442033,0.505725,0.497737,0.445223,0.372294,0.301708,0.320551,0.757298,0.669482,0.71133,0.520983,0.66615,0.653649,0.589809,0.534946,0.685741,0.692137,0.685427,0.509414,0.731712,0.710364,0.722542,0.727532,0.754566,0.706417,0.717958,0.662146,0.693743,0.574346,0.496214,0.581367,0.68244,0.719941,0.632141,0.567252,0.5128,0.454027,0.478379,0.691365,0.698216,0.679985,0.667079,0.527984,0.671903,0.608649,0.544639,0.725061,0.638062,0.016057,0.089153,0.147293,0.21656,0.499137,0.288393,0.331922,1.0,0.986011,0.706928,0.39214,0.361031,-0.207589,0.195989,-0.022896,0.451074,0.320994,0.138194,0.225076,0.288183,0.26144,0.207606,0.267904,0.257817,0.049991,0.2947,0.161484,0.053743,0.010877,0.113928,0.310101
JNK,0.495909,0.51298,0.487914,0.42792,0.437128,0.371037,0.347869,0.559783,0.415196,0.533318,0.336825,0.369596,0.433674,0.347788,0.263178,0.490032,0.551281,0.474722,0.34114,0.442906,0.383967,0.385103,0.41328,0.426723,0.442971,0.547647,0.459335,0.441514,0.335085,0.476434,0.564647,0.576737,0.58863,0.406314,0.441749,0.50883,0.490891,0.445941,0.371902,0.296208,0.315327,0.753739,0.666639,0.708959,0.517986,0.667741,0.651684,0.582304,0.530766,0.685267,0.68878,0.681193,0.503202,0.728529,0.707185,0.719439,0.723717,0.751722,0.702926,0.711818,0.657969,0.691729,0.570516,0.489441,0.58098,0.680697,0.716635,0.627539,0.567533,0.511326,0.451807,0.478313,0.689603,0.697053,0.675936,0.663708,0.525655,0.667438,0.605389,0.54261,0.722269,0.633321,0.012712,0.081217,0.1346,0.211865,0.492833,0.280399,0.325095,0.986011,1.0,0.703816,0.382156,0.36924,-0.200379,0.190156,-0.02782,0.444859,0.31588,0.134056,0.224325,0.2903,0.258653,0.209452,0.268916,0.260515,0.046392,0.298168,0.161551,0.053281,0.009212,0.114298,0.312367
EMB,0.351966,0.372152,0.367108,0.329896,0.329583,0.292547,0.278555,0.360735,0.269622,0.401153,0.21967,0.270031,0.335695,0.232372,0.163329,0.368335,0.326022,0.3591,0.240671,0.278978,0.285603,0.26928,0.315478,0.361486,0.338463,0.444589,0.3164,0.298238,0.196851,0.31276,0.395144,0.387505,0.399828,0.275451,0.304854,0.307523,0.352186,0.340457,0.256457,0.206141,0.221495,0.55063,0.494291,0.522317,0.371347,0.448522,0.482883,0.408689,0.388853,0.526509,0.494904,0.506316,0.40871,0.507356,0.53164,0.506988,0.521002,0.539046,0.524512,0.529769,0.488341,0.4979,0.435053,0.365166,0.41941,0.577148,0.596138,0.564774,0.468606,0.480433,0.381871,0.407603,0.575594,0.571281,0.547164,0.559611,0.467074,0.561833,0.484839,0.482127,0.604241,0.568785,0.333744,0.378901,0.328772,0.490693,0.64647,0.527593,0.570351,0.706928,0.703816,1.0,0.523168,0.410242,-0.26978,0.237017,0.121001,0.429853,0.306908,0.232097,0.276553,0.301665,0.255077,0.180008,0.222227,0.202876,0.042048,0.200936,0.143905,0.045722,-0.001093,0.097842,0.228914
MUB,0.118254,0.134633,0.115584,0.080012,0.096752,0.079948,0.096227,0.05548,0.05011,0.128134,0.115278,0.168696,0.221073,0.115769,0.080141,0.121808,0.026045,0.133959,0.117737,0.061192,0.128054,0.121818,0.228332,0.172413,0.136006,0.24241,0.081591,0.118826,0.10099,0.026503,0.108164,0.093019,0.081367,0.123283,0.078288,0.055458,0.103154,0.123553,0.106453,0.119342,0.088133,0.197657,0.164849,0.178226,0.08059,0.119564,0.171054,0.169244,0.221509,0.196186,0.180124,0.168938,0.324706,0.191557,0.188338,0.197307,0.200501,0.202202,0.191044,0.270707,0.283034,0.227262,0.143833,0.123406,0.157681,0.365933,0.224042,0.217641,0.160407,0.200883,0.120907,0.161472,0.260538,0.217665,0.204904,0.209454,0.218609,0.213552,0.141653,0.192975,0.231341,0.211454,0.474406,0.512702,0.417189,0.463263,0.672866,0.622725,0.663336,0.39214,0.382156,0.523168,1.0,0.445344,-0.211877,0.17778,0.261046,0.195972,0.180608,0.228451,0.164526,0.179554,0.162256,0.038955,0.03948,-0.034639,0.007894,0.045211,0.031497,0.000299,-0.017829,0.00854,0.008672
FLOT,0.222312,0.24127,0.189667,0.131579,0.194466,0.1583,0.155008,0.32445,0.251344,0.254214,0.220818,0.217079,0.218355,0.171778,0.14958,0.256546,0.27525,0.358742,0.158127,0.189096,0.219399,0.206096,0.277542,0.298966,0.184399,0.312484,0.142952,0.171824,0.174963,0.18105,0.306568,0.320811,0.313317,0.221456,0.180865,0.29861,0.20916,0.208177,0.143871,0.126251,0.159767,0.356329,0.280664,0.316812,0.332799,0.37197,0.296153,0.270985,0.290584,0.303692,0.349612,0.319202,0.271676,0.38056,0.310501,0.373519,0.34805,0.38941,0.313783,0.366469,0.372297,0.372446,0.260158,0.180923,0.261613,0.338875,0.355946,0.312957,0.256815,0.332935,0.196662,0.244549,0.409978,0.380891,0.345851,0.336118,0.272105,0.343605,0.306918,0.2806,0.363888,0.319326,-0.016758,-0.035956,-0.053294,0.092117,0.33556,0.123206,0.296988,0.361031,0.36924,0.410242,0.445344,1.0,0.021455,0.017016,-0.078473,0.14099,0.097346,0.073274,0.10243,0.193952,0.137179,0.096597,0.069216,0.171022,0.039786,0.167041,0.121079,0.042679,0.012211,0.05297,0.151537
UUP,-0.046608,-0.035985,-0.061746,-0.055352,-0.042992,-0.033895,-0.061805,0.000672,-0.048108,-0.033437,0.010558,-0.073926,-0.11455,-0.038223,0.00976,-0.044781,0.000413,-0.052543,-0.045348,-0.014349,-0.022818,-0.050272,-0.037532,-0.032153,-0.044814,-0.063488,-0.092298,-0.049771,0.01628,-0.100843,-0.039711,-0.032376,-0.036971,-0.052099,-0.073839,-0.017804,-0.048053,-0.076113,-0.028317,-0.032288,0.00323,-0.094882,-0.084281,-0.112064,-0.063548,-0.036215,-0.072624,-0.055984,-0.090634,-0.10281,-0.090078,-0.175451,-0.115206,-0.083088,-0.095683,-0.084987,-0.087311,-0.100564,-0.088927,-0.094184,-0.068752,-0.104472,-0.09835,-0.070107,-0.075801,-0.142812,-0.333494,-0.249904,-0.174783,-0.182811,-0.166643,-0.139158,-0.264903,-0.271117,-0.321633,-0.369902,-0.258299,-0.370372,-0.320864,-0.206007,-0.334797,-0.238714,-0.190666,-0.291987,-0.329869,-0.265548,-0.269728,-0.330631,-0.268956,-0.207589,-0.200379,-0.26978,-0.211877,0.021455,1.0,-0.94369,-0.56205,-0.603012,-0.718447,-0.426828,-0.362988,-0.340145,-0.235397,-0.189351,-0.269086,-0.036053,-0.023753,-0.031201,-0.142409,-0.054727,-0.059557,-0.111211,-0.162277
FXE,0.057265,0.056792,0.066931,0.057407,0.049574,0.042093,0.052999,0.038747,0.037152,0.044466,0.009395,0.091929,0.111883,0.049997,0.006511,0.054267,0.03806,0.049477,0.054024,0.038869,0.038271,0.071624,0.055861,0.039518,0.046757,0.077307,0.104853,0.059284,-0.004947,0.103197,0.067751,0.064444,0.069167,0.051804,0.08235,0.045529,0.057211,0.084164,0.040963,0.03266,0.005691,0.108457,0.095148,0.117942,0.058736,0.067287,0.089445,0.068941,0.104172,0.109058,0.102805,0.176034,0.107468,0.10055,0.108673,0.099236,0.105009,0.114222,0.101583,0.102753,0.081352,0.112724,0.109878,0.073426,0.086596,0.142544,0.338911,0.249928,0.164101,0.189792,0.165994,0.139247,0.255953,0.253946,0.303972,0.390662,0.251829,0.402604,0.361583,0.204579,0.338007,0.24087,0.11552,0.204209,0.264926,0.200384,0.225261,0.251936,0.216888,0.195989,0.190156,0.237017,0.17778,0.017016,-0.94369,1.0,0.408895,0.536206,0.625348,0.372085,0.326139,0.315802,0.209528,0.180018,0.253018,0.030811,0.025941,0.024409,0.134961,0.048111,0.051005,0.102254,0.142335
FXY,-0.131326,-0.134198,-0.108642,-0.106303,-0.12297,-0.097798,-0.097107,-0.274373,-0.147247,-0.177156,-0.135159,-0.042597,-0.056007,-0.078207,-0.076153,-0.148355,-0.283666,-0.147116,-0.071765,-0.163102,-0.126707,-0.108471,-0.061015,-0.106445,-0.104995,-0.094674,-0.121266,-0.106747,-0.093736,-0.147151,-0.227221,-0.253397,-0.246313,-0.114676,-0.122965,-0.237859,-0.159764,-0.100473,-0.091325,-0.038528,-0.107615,-0.206882,-0.172228,-0.174031,-0.179684,-0.270894,-0.173746,-0.156573,-0.086375,-0.165283,-0.205378,-0.142093,0.03041,-0.214579,-0.174652,-0.199467,-0.192333,-0.205554,-0.180761,-0.137995,-0.121544,-0.148628,-0.160734,-0.110612,-0.152871,-0.017703,-0.080278,-0.071725,-0.09147,-0.034603,-0.091671,-0.101928,-0.032156,-0.060452,-0.077126,-0.070937,0.003456,-0.087255,-0.116035,-0.070915,-0.074757,-0.087921,0.408949,0.505721,0.471633,0.365227,0.316883,0.476516,0.399879,-0.022896,-0.02782,0.121001,0.261046,-0.078473,-0.56205,0.408895,1.0,0.294675,0.287658,0.368847,0.219156,0.168142,0.060083,-0.002099,0.026718,-0.126529,-0.036061,-0.098366,0.000222,0.026025,0.037368,0.015059,-0.049998
FXA,0.264102,0.265254,0.274909,0.248836,0.248387,0.209045,0.233099,0.272961,0.282709,0.272872,0.155551,0.188437,0.244838,0.16962,0.13398,0.271339,0.264094,0.312392,0.171189,0.242477,0.245814,0.241091,0.189165,0.224622,0.226059,0.264451,0.248393,0.214393,0.143539,0.352326,0.320584,0.308483,0.328827,0.221447,0.277223,0.262509,0.300445,0.287562,0.196413,0.16489,0.152126,0.430394,0.386643,0.423716,0.350047,0.345076,0.376209,0.299403,0.284907,0.389853,0.401622,0.471037,0.26551,0.412842,0.401998,0.41334,0.403963,0.432028,0.398003,0.382297,0.329601,0.393489,0.370687,0.277819,0.321958,0.38159,0.574857,0.574436,0.440479,0.437911,0.443402,0.435232,0.663901,0.564902,0.542506,0.512289,0.508154,0.513318,0.466273,0.49885,0.590151,0.569786,0.048411,0.12583,0.198845,0.220412,0.273413,0.218004,0.216801,0.451074,0.444859,0.429853,0.195972,0.14099,-0.603012,0.536206,0.294675,1.0,0.55764,0.389609,0.425153,0.440238,0.347554,0.301309,0.428543,0.195687,0.074168,0.191862,0.250137,0.122247,0.104426,0.199221,0.345726
FXB,0.152639,0.152256,0.15298,0.131292,0.13677,0.113463,0.128998,0.17167,0.155268,0.182103,0.091617,0.123741,0.178577,0.098273,0.054477,0.156053,0.170423,0.18516,0.109193,0.114104,0.129092,0.132694,0.126821,0.144144,0.14238,0.180384,0.157663,0.144549,0.067021,0.202172,0.193496,0.191158,0.204163,0.161938,0.166628,0.170028,0.159143,0.170196,0.091725,0.085343,0.075155,0.25804,0.222557,0.260795,0.201534,0.223743,0.212787,0.186562,0.17846,0.244194,0.245223,0.305293,0.173119,0.25287,0.239976,0.247811,0.244634,0.271146,0.234203,0.233905,0.206422,0.252499,0.216535,0.171127,0.197299,0.25576,0.449253,0.343338,0.286269,0.248771,0.250163,0.242124,0.382187,0.376697,0.522096,0.432271,0.316217,0.428455,0.39569,0.29558,0.449763,0.33911,0.061777,0.136532,0.20875,0.179948,0.212157,0.202153,0.188469,0.320994,0.31588,0.306908,0.180608,0.097346,-0.718447,0.625348,0.287658,0.55764,1.0,0.295486,0.309154,0.304411,0.250535,0.201161,0.274641,0.115184,0.051555,0.126936,0.157535,0.038755,0.042524,0.09957,0.209944
GLD,0.044209,0.035799,0.047176,0.028724,0.042256,0.033517,0.047875,-0.05734,0.046503,-0.01618,0.015783,0.054791,0.042981,0.025801,0.039651,0.010841,-0.075841,0.055529,0.017151,0.03123,0.087572,0.06573,0.048906,0.032697,-0.013342,0.048223,0.060313,0.028781,0.04128,0.071717,-0.007741,-0.025605,-0.03868,0.01547,0.020686,-0.050414,0.066943,0.065736,0.03007,0.010986,0.012449,0.071308,0.081542,0.081314,0.062434,-0.04118,0.085305,0.038468,0.065165,0.042623,0.051869,0.165495,0.164935,0.053912,0.079505,0.060704,0.066554,0.063955,0.076254,0.096336,0.085384,0.064262,0.097803,0.063474,0.019526,0.129181,0.174858,0.21414,0.132369,0.152668,0.123166,0.128198,0.211999,0.251787,0.16655,0.149327,0.229496,0.137389,0.122423,0.177276,0.195266,0.198738,0.238234,0.314861,0.324943,0.330377,0.282449,0.333828,0.302846,0.138194,0.134056,0.232097,0.228451,0.073274,-0.426828,0.372085,0.368847,0.389609,0.295486,1.0,0.795781,0.619797,0.410782,0.202297,0.297128,0.076986,0.019442,0.075391,0.132604,0.076952,0.080985,0.107167,0.272434
SLV,0.143064,0.140647,0.142608,0.123113,0.130975,0.103912,0.123751,0.082503,0.145562,0.091427,0.070245,0.070804,0.084201,0.052621,0.052464,0.114956,0.067876,0.162784,0.077031,0.112182,0.170202,0.130882,0.070833,0.105873,0.082909,0.128345,0.135791,0.073109,0.084659,0.198219,0.132507,0.116567,0.106478,0.096639,0.109581,0.065392,0.162731,0.160812,0.066946,0.022626,0.06082,0.215198,0.21401,0.220911,0.178809,0.107031,0.22116,0.126459,0.111364,0.177284,0.184328,0.29011,0.172104,0.184362,0.216784,0.185528,0.189232,0.201442,0.213061,0.186523,0.152193,0.172919,0.221554,0.148935,0.132406,0.203283,0.30723,0.339048,0.236328,0.255242,0.226725,0.24217,0.32272,0.36963,0.298821,0.27784,0.330338,0.264283,0.243572,0.291702,0.328254,0.324284,0.107465,0.166383,0.204529,0.240171,0.219278,0.215142,0.19513,0.225076,0.224325,0.276553,0.164526,0.10243,-0.362988,0.326139,0.219156,0.425153,0.309154,0.795781,1.0,0.698576,0.486194,0.300727,0.415358,0.142919,0.017018,0.14037,0.193341,0.09778,0.08993,0.152263,0.342644
PPLT,0.169926,0.17912,0.182521,0.144369,0.162299,0.128991,0.160593,0.174727,0.212086,0.165731,0.13476,0.130044,0.139146,0.107911,0.088866,0.176244,0.169705,0.224992,0.112149,0.160008,0.197143,0.149965,0.134061,0.161906,0.126515,0.178765,0.169891,0.129252,0.125827,0.237363,0.215387,0.215764,0.205008,0.154334,0.168656,0.172735,0.211168,0.198886,0.09854,0.053943,0.090798,0.28391,0.25773,0.29173,0.246996,0.216729,0.26035,0.194492,0.182219,0.245775,0.266722,0.34781,0.198151,0.278174,0.262508,0.276852,0.265896,0.292709,0.259963,0.250866,0.218183,0.266945,0.259039,0.188103,0.206153,0.247317,0.372602,0.392847,0.282094,0.301047,0.283088,0.301719,0.383034,0.423303,0.370546,0.34367,0.371086,0.337022,0.308917,0.339248,0.392224,0.382982,0.041105,0.096799,0.143298,0.189636,0.225355,0.175089,0.180335,0.288183,0.2903,0.301665,0.179554,0.193952,-0.340145,0.315802,0.168142,0.440238,0.304411,0.619797,0.698576,1.0,0.615826,0.302636,0.407839,0.165278,0.020659,0.180506,0.19343,0.086473,0.069776,0.138019,0.33819
PALL,0.159591,0.179347,0.163105,0.135219,0.144524,0.107414,0.169157,0.185872,0.209666,0.163022,0.126836,0.105787,0.13365,0.104673,0.069935,0.179077,0.184393,0.214228,0.10575,0.169668,0.172707,0.157738,0.11562,0.158921,0.155824,0.189751,0.146847,0.129484,0.136678,0.262767,0.230594,0.230484,0.215956,0.164324,0.165386,0.179476,0.209112,0.191236,0.111143,0.067549,0.075381,0.274603,0.242857,0.281929,0.241858,0.228431,0.246369,0.186723,0.161922,0.247407,0.273681,0.320332,0.167291,0.274294,0.248754,0.269435,0.258594,0.286593,0.246992,0.236789,0.200507,0.253391,0.238363,0.165331,0.199432,0.221358,0.345276,0.359833,0.268948,0.26163,0.282175,0.295293,0.357556,0.381868,0.342576,0.303397,0.322099,0.303811,0.282215,0.317543,0.35897,0.353838,-0.005481,0.039811,0.094771,0.136933,0.165335,0.113503,0.132709,0.26144,0.258653,0.255077,0.162256,0.137179,-0.235397,0.209528,0.060083,0.347554,0.250535,0.410782,0.486194,0.615826,1.0,0.262341,0.379465,0.175094,0.022392,0.196305,0.182855,0.110056,0.085164,0.151632,0.301591
CPER,0.14165,0.133673,0.134354,0.132729,0.158381,0.126176,0.153914,0.198606,0.198677,0.162078,0.097206,0.082301,0.091636,0.09175,0.067027,0.159776,0.187627,0.212844,0.093846,0.162026,0.15347,0.145797,0.076047,0.132594,0.140187,0.164134,0.157967,0.106033,0.06967,0.257353,0.227717,0.20578,0.209875,0.141476,0.166883,0.159446,0.184622,0.176113,0.107202,0.056023,0.076583,0.25435,0.227037,0.251703,0.230381,0.218081,0.228331,0.162297,0.128437,0.234821,0.245586,0.301671,0.091918,0.244388,0.232234,0.24134,0.234614,0.253017,0.233328,0.196553,0.157222,0.221627,0.235516,0.156688,0.189742,0.169477,0.319766,0.321756,0.250611,0.242785,0.269501,0.270537,0.31495,0.321157,0.316721,0.285582,0.280177,0.292067,0.276738,0.282448,0.327059,0.315962,-0.086245,-0.064037,-0.007811,0.021376,0.048851,-0.009399,0.012762,0.207606,0.209452,0.180008,0.038955,0.096597,-0.189351,0.180018,-0.002099,0.301309,0.201161,0.202297,0.300727,0.302636,0.262341,1.0,0.538367,0.164239,0.049666,0.14694,0.178102,0.095275,0.084647,0.164896,0.287391
DBB,0.186953,0.189147,0.174598,0.204085,0.191683,0.135513,0.182729,0.239183,0.28227,0.190091,0.108255,0.104922,0.112647,0.102232,0.089527,0.199184,0.243896,0.293564,0.106939,0.204984,0.192558,0.180257,0.082202,0.127379,0.156444,0.16992,0.194432,0.139099,0.10687,0.344684,0.279435,0.271669,0.273145,0.175964,0.210615,0.203457,0.235496,0.214267,0.123105,0.09145,0.085012,0.317107,0.282852,0.315187,0.333636,0.270059,0.281562,0.199058,0.1568,0.278646,0.311392,0.390509,0.111229,0.311774,0.288231,0.306363,0.289995,0.32301,0.287421,0.234645,0.187119,0.277285,0.287941,0.196145,0.219594,0.197585,0.389761,0.420761,0.300659,0.32084,0.36672,0.367609,0.406692,0.422276,0.38365,0.341917,0.35702,0.347746,0.328636,0.35667,0.403703,0.417201,-0.08497,-0.051666,0.005218,0.07643,0.069184,0.013809,0.025974,0.267904,0.268916,0.222227,0.03948,0.069216,-0.269086,0.253018,0.026718,0.428543,0.274641,0.297128,0.415358,0.407839,0.379465,0.538367,1.0,0.285479,0.06176,0.25682,0.252098,0.138997,0.130512,0.232987,0.484046
USO,0.154597,0.155784,0.119921,0.114714,0.122567,0.077146,0.115369,0.237802,0.555436,0.173466,0.112234,0.060547,0.128986,0.083483,0.057431,0.170347,0.243051,0.547261,0.074539,0.184374,0.107476,0.119287,0.105355,0.118885,0.102565,0.104035,0.079304,0.076721,0.155921,0.287852,0.227064,0.234669,0.252249,0.159681,0.116469,0.203222,0.157164,0.142521,0.1059,0.095805,0.087889,0.261866,0.184347,0.245851,0.621989,0.256173,0.19157,0.144965,0.140363,0.164991,0.257823,0.285871,0.091828,0.302327,0.203594,0.302645,0.23391,0.309229,0.196972,0.203819,0.180501,0.291235,0.164008,0.116361,0.160991,0.158908,0.252607,0.25273,0.161835,0.285849,0.19672,0.208016,0.300533,0.417345,0.311866,0.197664,0.139336,0.226406,0.242646,0.177716,0.262058,0.26994,-0.205432,-0.192894,-0.14161,0.056909,-0.034796,-0.12489,-0.091174,0.257817,0.260515,0.202876,-0.034639,0.171022,-0.036053,0.030811,-0.126529,0.195687,0.115184,0.076986,0.142919,0.165278,0.175094,0.164239,0.285479,1.0,0.128822,0.790055,0.252488,0.155196,0.135904,0.184938,0.860948
UNG,0.02474,0.045016,0.023381,0.022129,0.037895,0.019354,0.047839,0.042988,0.114478,0.025867,0.029096,0.02304,0.032238,0.037823,0.021209,0.046684,0.054905,0.114008,0.047205,0.014567,0.017135,0.016738,0.035681,0.032928,0.038204,0.038536,0.015969,0.025227,0.020975,0.021404,0.049768,0.055492,0.051408,0.017864,0.014448,0.038481,0.041348,0.02805,0.042427,0.049001,0.030373,0.066289,0.044237,0.049805,0.144001,0.059632,0.040617,0.056157,0.043425,0.05303,0.052859,0.068525,0.052938,0.070654,0.054924,0.073258,0.060666,0.076202,0.050913,0.062461,0.062477,0.075466,0.037895,0.019031,0.035125,0.05797,0.052856,0.043893,0.039415,0.058665,0.044737,0.030802,0.06922,0.092064,0.062631,0.03597,0.025709,0.048438,0.044945,0.026891,0.057322,0.046327,-0.030425,-0.031371,-0.01331,0.015753,0.005781,-0.010859,-0.003715,0.049991,0.046392,0.042048,0.007894,0.039786,-0.023753,0.025941,-0.036061,0.074168,0.051555,0.019442,0.017018,0.020659,0.022392,0.049666,0.06176,0.128822,1.0,0.116249,0.09571,0.096863,0.08224,0.078897,0.236213
UGA,0.173332,0.178748,0.156797,0.122163,0.142255,0.08529,0.125862,0.249694,0.527074,0.207181,0.154046,0.097284,0.190752,0.119206,0.081839,0.181572,0.253626,0.511478,0.102296,0.199127,0.12922,0.13199,0.142471,0.16035,0.13866,0.135575,0.109122,0.115649,0.193908,0.27746,0.234481,0.248293,0.272227,0.185631,0.147405,0.233943,0.178804,0.157683,0.123152,0.127932,0.125627,0.295903,0.215738,0.276185,0.591431,0.284164,0.224182,0.190092,0.185163,0.202746,0.288839,0.307866,0.166862,0.33871,0.236547,0.3432,0.279209,0.344142,0.231542,0.260675,0.243453,0.33768,0.185424,0.135157,0.199261,0.217081,0.276777,0.266744,0.194491,0.298709,0.194798,0.232117,0.321277,0.425253,0.32865,0.21223,0.174853,0.248912,0.252661,0.191229,0.287398,0.280602,-0.198089,-0.178125,-0.127526,0.066575,0.003933,-0.099475,-0.060821,0.2947,0.298168,0.200936,0.045211,0.167041,-0.031201,0.024409,-0.098366,0.191862,0.126936,0.075391,0.14037,0.180506,0.196305,0.14694,0.25682,0.790055,0.116249,1.0,0.216528,0.141698,0.107663,0.174626,0.80427
DBA,0.127802,0.137789,0.121382,0.104566,0.106641,0.114135,0.105364,0.14678,0.212212,0.123451,0.084794,0.042425,0.102007,0.031759,0.056111,0.125916,0.153484,0.216894,0.043621,0.126948,0.114025,0.097817,0.07266,0.105052,0.101755,0.112733,0.078871,0.061814,0.086912,0.196808,0.158438,0.158437,0.180665,0.120255,0.114253,0.162644,0.12442,0.117649,0.074104,0.083018,0.063531,0.1998,0.169883,0.192262,0.249006,0.180287,0.170867,0.111204,0.108188,0.173513,0.196882,0.232107,0.082225,0.200796,0.180144,0.199377,0.179099,0.207792,0.176307,0.160981,0.135698,0.18894,0.152521,0.093928,0.156027,0.154509,0.235278,0.232241,0.168991,0.273477,0.162486,0.171048,0.251351,0.280184,0.23833,0.216979,0.200121,0.219207,0.214467,0.200004,0.243819,0.234307,-0.102054,-0.084258,-0.058142,0.02532,0.02936,-0.031683,-0.012757,0.161484,0.161551,0.143905,0.031497,0.121079,-0.142409,0.134961,0.000222,0.250137,0.157535,0.132604,0.193341,0.19343,0.182855,0.178102,0.252098,0.252488,0.09571,0.216528,1.0,0.592755,0.553716,0.559031,0.444148
CORN,0.02538,0.061703,0.024556,0.008271,0.02609,0.028515,0.058405,0.047164,0.108261,0.047182,0.046965,0.000908,0.022454,0.011432,-0.001781,0.037552,0.048524,0.109012,0.004227,0.043655,0.026626,0.031142,0.009793,0.048828,0.021416,0.025495,0.010594,0.007606,0.053553,0.080699,0.040924,0.046814,0.068539,0.040992,0.022368,0.049164,0.029768,0.026605,0.004793,0.0357,0.019176,0.055597,0.038001,0.05989,0.135307,0.057089,0.037113,0.031272,0.024891,0.045321,0.069662,0.095595,0.014756,0.068314,0.043638,0.067583,0.049715,0.068052,0.039805,0.047207,0.038878,0.067902,0.031494,0.027944,0.045955,0.035451,0.06392,0.078149,0.037289,0.137121,0.04531,0.060211,0.093852,0.125905,0.074635,0.054943,0.063374,0.055364,0.052162,0.057811,0.071488,0.079113,-0.047493,-0.040487,-0.036245,0.017099,0.008576,-0.012965,-0.008035,0.053743,0.053281,0.045722,0.000299,0.042679,-0.054727,0.048111,0.026025,0.122247,0.038755,0.076952,0.09778,0.086473,0.110056,0.095275,0.138997,0.155196,0.096863,0.141698,0.592755,1.0,0.634938,0.629501,0.345578
WEAT,0.020346,0.008098,-0.00475,-0.008254,-0.001792,0.007776,0.029011,0.015975,0.085622,-0.005501,0.017418,-0.000947,0.029597,-0.006671,0.000761,0.018682,0.016312,0.085459,-0.017495,0.017512,-0.013461,-0.000801,-0.001855,0.008693,0.003014,0.007558,-0.007093,-0.00171,0.045597,0.040324,0.006945,0.016143,0.029141,0.010522,0.005913,0.019688,0.00235,-0.025851,-0.007215,0.039722,-0.003628,0.016959,0.001393,0.030381,0.102267,0.019014,-0.001603,0.001113,0.015548,0.006267,0.029121,0.048007,0.018069,0.028108,0.007812,0.029726,0.012425,0.031622,0.002234,0.016118,0.016119,0.040895,-0.016556,0.006725,0.034261,0.026421,0.018167,0.023744,0.002358,0.093208,0.008668,0.008933,0.050971,0.083216,0.032835,0.00799,0.025548,0.012281,0.010815,0.00597,0.025084,0.022203,-0.029652,-0.020686,-0.011729,0.024566,-0.000883,-0.009672,-0.005527,0.010877,0.009212,-0.001093,-0.017829,0.012211,-0.059557,0.051005,0.037368,0.104426,0.042524,0.080985,0.08993,0.069776,0.085164,0.084647,0.130512,0.135904,0.08224,0.107663,0.553716,0.634938,1.0,0.422771,0.315975
SOYB,0.072544,0.079825,0.066391,0.06149,0.054232,0.043206,0.081673,0.086934,0.150899,0.068891,0.054493,0.026547,0.043932,0.027922,0.014197,0.057439,0.094101,0.153567,0.030653,0.096199,0.069068,0.051955,0.034157,0.053388,0.059391,0.049479,0.070225,0.037952,0.073897,0.153195,0.092855,0.095969,0.122494,0.083034,0.078924,0.091124,0.08702,0.070032,0.027963,0.046123,0.049131,0.118982,0.09755,0.124456,0.181177,0.108273,0.094822,0.074952,0.058431,0.105192,0.134884,0.164958,0.038151,0.129902,0.099118,0.131507,0.110287,0.12981,0.099519,0.090063,0.076263,0.120312,0.095234,0.074933,0.095024,0.071147,0.159609,0.186111,0.112925,0.221182,0.150495,0.164826,0.176476,0.192259,0.168247,0.151145,0.145969,0.148928,0.146676,0.144399,0.167207,0.189739,-0.060146,-0.052664,-0.030484,0.027229,0.023599,-0.018001,-0.008582,0.113928,0.114298,0.097842,0.00854,0.05297,-0.111211,0.102254,0.015059,0.199221,0.09957,0.107167,0.152263,0.138019,0.151632,0.164896,0.232987,0.184938,0.078897,0.174626,0.559031,0.629501,0.422771,1.0,0.374038
DBC,0.184343,0.18593,0.159468,0.151208,0.160466,0.105744,0.155508,0.245805,0.566729,0.188946,0.123642,0.067255,0.145714,0.089898,0.078704,0.192404,0.254833,0.543759,0.087757,0.211884,0.155829,0.15521,0.104789,0.134323,0.131454,0.134672,0.129558,0.098818,0.16972,0.33781,0.252247,0.258961,0.278293,0.187488,0.149584,0.223184,0.20371,0.179983,0.119011,0.102579,0.09712,0.312938,0.241279,0.305892,0.634963,0.278398,0.24685,0.17395,0.16078,0.220788,0.301699,0.362843,0.140699,0.34446,0.257387,0.346457,0.279934,0.354626,0.250366,0.24632,0.213475,0.333456,0.226885,0.1496,0.208438,0.202512,0.333853,0.343977,0.243097,0.357061,0.270975,0.283144,0.380828,0.494997,0.379443,0.268868,0.243256,0.296569,0.30364,0.263281,0.349439,0.354804,-0.181804,-0.152882,-0.092918,0.105597,0.028478,-0.068198,-0.048858,0.310101,0.312367,0.228914,0.008672,0.151537,-0.162277,0.142335,-0.049998,0.345726,0.209944,0.272434,0.342644,0.33819,0.301591,0.287391,0.484046,0.860948,0.236213,0.80427,0.444148,0.345578,0.315975,0.374038,1.0
